Meas Num,Data Quality,Item,Series,Time Stamp,Date,Time (s),Measurement ID,Image,Bubble Detection,Intensity (Cnt/s),Normalized Intensity (Cnt/s),Number Acqs,Number Unmarked Acqs,Number Marked Acqs,% Acqs Unmarked,Acq Time (s),DLS Temp (C),Attenuation Level (%),Laser Power (%),Set Temp (C),Ramp Rate (C/min),Well,Insert Info,Row,Col,Configuration,Radius (nm),Amplitude,Diffusion Coefficient (cm²/s),Diameter (nm),Polydispersity (nm),%PD,PD Index,Mw-R (kDa),Baseline,SOS,Viscosity from Sample Rh (cP),Lambda (1/s),Sigma (1/s²),D10 (nm),D50 (nm),D90 (nm),Span (D90 - D10)/D50,RMS Error,Number Unfiltered Peaks (I),Number Filtered Peaks (I),Pre-correction Internal Standard Rh (I) (nm),Internal Standard Viscosity (I) (cP),Mw-S (Da),1/Mw-S (1/Da),Particle Concentration (1/mL),Particle Concentration Calculation,Particle Material,Particle Shape,Particle Core Real RI,Particle Core Imaginary RI,Sample,Concentration (mg/mL),Mw-R Model,dn/dc (mL/g),Conformation Model for SLS,A2 (mol mL/g^2),Viscosity Calculation: Use Internal Standard,Internal Standard Rh (nm),Internal Standard Rh Range Minimum (nm),Internal Standard Rh Range Maximum (nm),Solvent,Rfr Idx @ 589nm & 20C,Viscosity (cP),Temp Model,Peak Num,Peak Radius (nm) (I),Peak Diameter (nm) (I),Peak Diffusion Coefficient (cm²/s) (I),Peak Mw-R (kDa) (I),Peak %Pd (I),Peak Pd (nm) (I),Peak Pd Index (I),Peak %Intensity (I),Peak %Mass (I),Peak %Number (I),Peak Particle Concentration (1/mL) (I),
1,,A1 ,,15:14:19,2026-03-20,0,1,View,--,1.34849e+06,1.95433e+07,5,5,0,100,9.96147,24.1614,54,15,25,0,A1,"949-WPR3, Z=9, Corner offsets=[120,45],[-30,-60],[100,100],[-90,45]",1,1,2026-Mar-20 15:12:34,3.28197,0.289813,7.33129e-07,6.56394,0.91272,27.8101,0.278101,54.3039,1.00155,0.332562,--,27254.6,17515.6,2.33921,2.86442,10.8197,2.96063,0.000182049,5,3,--,--,--,--,--,,Protein,Sphere,1.584,0,,0,Globular Proteins,0.185,Sphere,0,,50,25,1000,Water,1.333,0.904611,Aqueous,1,2.8963,5.79259,8.30754e-07,40.5321,13.2343,0.383305,0.132343,82.6269,99.634,99.9955,--,
1,,A1 ,,15:14:19,2026-03-20,0,1,View,--,1.34849e+06,1.95433e+07,5,5,0,100,9.96147,24.1614,54,15,25,0,A1,"949-WPR3, Z=9, Corner offsets=[120,45],[-30,-60],[100,100],[-90,45]",1,1,2026-Mar-20 15:12:34,3.28197,0.289813,7.33129e-07,6.56394,0.91272,27.8101,0.278101,54.3039,1.00155,0.332562,--,27254.6,17515.6,2.33921,2.86442,10.8197,2.96063,0.000182049,5,3,--,--,--,--,--,,Protein,Sphere,1.584,0,,0,Globular Proteins,0.185,Sphere,0,,50,25,1000,Water,1.333,0.904611,Aqueous,2,11.4125,22.825,2.10831e-07,1002.86,9.00272,1.02744,0.0900272,16.0988,0.312527,0.00453512,--,
1,,A1 ,,15:14:19,2026-03-20,0,1,View,--,1.34849e+06,1.95433e+07,5,5,0,100,9.96147,24.1614,54,15,25,0,A1,"949-WPR3, Z=9, Corner offsets=[120,45],[-30,-60],[100,100],[-90,45]",1,1,2026-Mar-20 15:12:34,3.28197,0.289813,7.33129e-07,6.56394,0.91272,27.8101,0.278101,54.3039,1.00155,0.332562,--,27254.6,17515.6,2.33921,2.86442,10.8197,2.96063,0.000182049,5,3,--,--,--,--,--,,Protein,Sphere,1.584,0,,0,Globular Proteins,0.185,Sphere,0,,50,25,1000,Water,1.333,0.904611,Aqueous,3,2787.66,5575.32,8.63129e-10,3.87571e+08,8.99732,250.815,0.0899732,1.27431,0.053472,4.83394e-11,--,
2,,A2 ,,15:15:48,2026-03-20,89,2,View,--,1.68236e+06,1.95624e+07,5,5,0,100,9.96147,23.7626,57,20,25,0,A2,"949-WPR3, Z=9, Corner offsets=[120,45],[-30,-60],[100,100],[-90,45]",1,2,2026-Mar-20 15:12:34,3.37233,0.250521,7.05922e-07,6.74466,1.02392,30.3623,0.303623,57.8669,1.0003,0.11949,--,25471.2,18080.5,2.13065,3.27575,15.3557,4.03726,0.000130071,5,2,--,--,--,--,--,,Protein,Sphere,1.584,0,,0,Globular Proteins,0.185,Sphere,0,,50,25,1000,Water,1.333,0.913077,Aqueous,1,3.28351,6.56702,7.25017e-07,54.3636,28.9543,0.950719,0.289543,83.0457,99.8787,99.9995,--,
2,,A2 ,,15:15:48,2026-03-20,89,2,View,--,1.68236e+06,1.95624e+07,5,5,0,100,9.96147,23.7626,57,20,25,0,A2,"949-WPR3, Z=9, Corner offsets=[120,45],[-30,-60],[100,100],[-90,45]",1,2,2026-Mar-20 15:12:34,3.37233,0.250521,7.05922e-07,6.74466,1.02392,30.3623,0.303623,57.8669,1.0003,0.11949,--,25471.2,18080.5,2.13065,3.27575,15.3557,4.03726,0.000130071,5,2,--,--,--,--,--,,Protein,Sphere,1.584,0,,0,Globular Proteins,0.185,Sphere,0,,50,25,1000,Water,1.333,0.913077,Aqueous,2,16.7477,33.4954,1.42145e-07,2460.31,15.5388,2.60239,0.155388,16.9543,0.121257,0.000479831,--,
3,,A3 ,,15:16:56,2026-03-20,157,3,View,--,1.52002e+06,1.52002e+09,5,5,0,100,9.96147,23.899,99.5,20,25,0,A3,"949-WPR3, Z=9, Corner offsets=[120,45],[-30,-60],[100,100],[-90,45]",1,3,2026-Mar-20 15:12:34,158.654,0.306644,1.50599e-08,317.307,90.559,57.0796,0.570796,474015,1.00257,107.961,--,5.91945e-05,758.713,42.4325,299.853,528.07,1.61959,0.000676958,5,3,--,--,--,--,--,,Protein,Sphere,1.584,0,,0,Globular Proteins,0.185,Sphere,0,,50,25,1000,Water,1.333,0.910167,Aqueous,1,6.95172,13.9034,3.43701e-07,314.417,18.7121,1.30081,0.187121,4.68656,41.6459,99.9923,--,
3,,A3 ,,15:16:56,2026-03-20,157,3,View,--,1.52002e+06,1.52002e+09,5,5,0,100,9.96147,23.899,99.5,20,25,0,A3,"949-WPR3, Z=9, Corner offsets=[120,45],[-30,-60],[100,100],[-90,45]",1,3,2026-Mar-20 15:12:34,158.654,0.306644,1.50599e-08,317.307,90.559,57.0796,0.570796,474015,1.00257,107.961,--,5.91945e-05,758.713,42.4325,299.853,528.07,1.61959,0.000676958,5,3,--,--,--,--,--,,Protein,Sphere,1.584,0,,0,Globular Proteins,0.185,Sphere,0,,50,25,1000,Water,1.333,0.910167,Aqueous,2,61.7024,123.405,3.87231e-08,52014.8,33.316,20.5568,0.33316,24.9486,3.41781,0.00695896,--,
3,,A3 ,,15:16:56,2026-03-20,157,3,View,--,1.52002e+06,1.52002e+09,5,5,0,100,9.96147,23.899,99.5,20,25,0,A3,"949-WPR3, Z=9, Corner offsets=[120,45],[-30,-60],[100,100],[-90,45]",1,3,2026-Mar-20 15:12:34,158.654,0.306644,1.50599e-08,317.307,90.559,57.0796,0.570796,474015,1.00257,107.961,--,5.91945e-05,758.713,42.4325,299.853,528.07,1.61959,0.000676958,5,3,--,--,--,--,--,,Protein,Sphere,1.584,0,,0,Globular Proteins,0.185,Sphere,0,,50,25,1000,Water,1.333,0.910167,Aqueous,3,398.288,796.575,5.99896e-09,4.08431e+06,32.2783,128.56,0.322783,70.3648,54.9363,0.000790818,--,
4,,A4 ,,15:18:04,2026-03-20,225,4,View,--,937186,9.37187e+08,5,5,0,100,9.96147,24.2762,99.5,20,25,0,A4,"949-WPR3, Z=9, Corner offsets=[120,45],[-30,-60],[100,100],[-90,45]",1,4,2026-Mar-20 15:12:34,180.688,0.352548,1.33572e-08,361.376,103.136,57.0796,0.570796,642600,1.02981,212.392,--,1.68244e-08,672.929,64.0227,224.404,312.641,1.1079,0.000536949,6,3,--,--,--,--,--,,Protein,Sphere,1.584,0,,0,Globular Proteins,0.185,Sphere,0,,50,25,1000,Water,1.333,0.902199,Aqueous,1,7.64432,15.2886,3.15721e-07,392.658,9.19347,0.702778,0.0919347,7.34124,48.4709,99.9929,--,
4,,A4 ,,15:18:04,2026-03-20,225,4,View,--,937186,9.37187e+08,5,5,0,100,9.96147,24.2762,99.5,20,25,0,A4,"949-WPR3, Z=9, Corner offsets=[120,45],[-30,-60],[100,100],[-90,45]",1,4,2026-Mar-20 15:12:34,180.688,0.352548,1.33572e-08,361.376,103.136,57.0796,0.570796,642600,1.02981,212.392,--,1.68244e-08,672.929,64.0227,224.404,312.641,1.1079,0.000536949,6,3,--,--,--,--,--,,Protein,Sphere,1.584,0,,0,Globular Proteins,0.185,Sphere,0,,50,25,1000,Water,1.333,0.902199,Aqueous,2,81.7034,163.407,2.95395e-08,100332,13.6138,11.123,0.136138,31.8464,4.75917,0.00524401,--,
4,,A4 ,,15:18:04,2026-03-20,225,4,View,--,937186,9.37187e+08,5,5,0,100,9.96147,24.2762,99.5,20,25,0,A4,"949-WPR3, Z=9, Corner offsets=[120,45],[-30,-60],[100,100],[-90,45]",1,4,2026-Mar-20 15:12:34,180.688,0.352548,1.33572e-08,361.376,103.136,57.0796,0.570796,642600,1.02981,212.392,--,1.68244e-08,672.929,64.0227,224.404,312.641,1.1079,0.000536949,6,3,--,--,--,--,--,,Protein,Sphere,1.584,0,,0,Globular Proteins,0.185,Sphere,0,,50,25,1000,Water,1.333,0.902199,Aqueous,3,277.83,555.66,8.68687e-09,1.75847e+06,15.8441,44.0196,0.158441,60.8124,46.7699,0.00188104,--,
5,,A5 ,,15:19:11,2026-03-20,292,5,View,--,784862,2.09296e+07,5,5,0,100,9.96147,24.6805,95,75,25,0,A5,"949-WPR3, Z=9, Corner offsets=[120,45],[-30,-60],[100,100],[-90,45]",1,5,2026-Mar-20 15:12:34,3.78572,0.360448,6.44395e-07,7.57145,2.16088,57.0796,0.570796,75.8458,1.06193,1704.83,--,0.00100031,32464.4,3.00644,3.89395,5417.17,1390.4,0.00186953,4,3,--,--,--,--,--,,Protein,Sphere,1.584,0,,0,Globular Proteins,0.185,Sphere,0,,50,25,1000,Water,1.333,0.893788,Aqueous,1,3.72823,7.45647,6.54331e-07,73.1782,14.0565,0.524061,0.140565,70.1926,94.5139,100,--,
5,,A5 ,,15:19:11,2026-03-20,292,5,View,--,784862,2.09296e+07,5,5,0,100,9.96147,24.6805,95,75,25,0,A5,"949-WPR3, Z=9, Corner offsets=[120,45],[-30,-60],[100,100],[-90,45]",1,5,2026-Mar-20 15:12:34,3.78572,0.360448,6.44395e-07,7.57145,2.16088,57.0796,0.570796,75.8458,1.06193,1704.83,--,0.00100031,32464.4,3.00644,3.89395,5417.17,1390.4,0.00186953,4,3,--,--,--,--,--,,Protein,Sphere,1.584,0,,0,Globular Proteins,0.185,Sphere,0,,50,25,1000,Water,1.333,0.893788,Aqueous,2,52.7325,105.465,4.62618e-08,36016.2,3.60153,1.89918,0.0360153,1.43715,0.00158411,4.46606e-07,--,
5,,A5 ,,15:19:11,2026-03-20,292,5,View,--,784862,2.09296e+07,5,5,0,100,9.96147,24.6805,95,75,25,0,A5,"949-WPR3, Z=9, Corner offsets=[120,45],[-30,-60],[100,100],[-90,45]",1,5,2026-Mar-20 15:12:34,3.78572,0.360448,6.44395e-07,7.57145,2.16088,57.0796,0.570796,75.8458,1.06193,1704.83,--,0.00100031,32464.4,3.00644,3.89395,5417.17,1390.4,0.00186953,4,3,--,--,--,--,--,,Protein,Sphere,1.584,0,,0,Globular Proteins,0.185,Sphere,0,,50,25,1000,Water,1.333,0.893788,Aqueous,3,5414.75,10829.5,4.50529e-10,1.83234e+09,11.4796,621.594,0.114796,28.3702,5.4845,1.45897e-09,--,
6,,A6 ,,15:20:25,2026-03-20,366,6,View,--,1.30182e+06,2.97627e+07,5,5,0,100,9.96147,24.927,70.84,15,25,0,A6,"949-WPR3, Z=9, Corner offsets=[120,45],[-30,-60],[100,100],[-90,45]",1,6,2026-Mar-20 15:12:34,6.73088,0.406546,3.648e-07,13.4618,2.27342,33.7759,0.337759,291.542,1.02386,31.2951,--,12487.4,10224.8,4.87897,5.24953,5.57956,0.133459,0.000466983,4,2,--,--,--,--,--,,Protein,Sphere,1.584,0,,0,Globular Proteins,0.185,Sphere,0,,50,25,1000,Water,1.333,0.888725,Aqueous,1,5.44417,10.8883,4.5102e-07,177.464,4.43829,0.241628,0.0443829,97.429,99.8669,100,--,
6,,A6 ,,15:20:25,2026-03-20,366,6,View,--,1.30182e+06,2.97627e+07,5,5,0,100,9.96147,24.927,70.84,15,25,0,A6,"949-WPR3, Z=9, Corner offsets=[120,45],[-30,-60],[100,100],[-90,45]",1,6,2026-Mar-20 15:12:34,6.73088,0.406546,3.648e-07,13.4618,2.27342,33.7759,0.337759,291.542,1.02386,31.2951,--,12487.4,10224.8,4.87897,5.24953,5.57956,0.133459,0.000466983,4,2,--,--,--,--,--,,Protein,Sphere,1.584,0,,0,Globular Proteins,0.185,Sphere,0,,50,25,1000,Water,1.333,0.888725,Aqueous,2,517.722,1035.44,4.74275e-09,7.54436e+06,4.0022,20.7203,0.040022,2.57101,0.133082,1.571e-07,--,
7,,A7 ,,15:21:31,2026-03-20,432,7,View,--,998907,5.31333e+06,5,5,0,100,9.96147,25.1074,81.2,100,25,0,A7,"949-WPR3, Z=9, Corner offsets=[120,45],[-30,-60],[100,100],[-90,45]",1,7,2026-Mar-20 15:12:34,137.292,0.184021,1.79698e-08,274.585,78.366,57.0796,0.570796,337943,1.17262,2326.98,--,1.91729e-05,905.31,0.681415,67.1588,544.169,8.09258,0.000741206,6,4,--,--,--,--,--,,Protein,Sphere,1.584,0,,0,Globular Proteins,0.185,Sphere,0,,50,25,1000,Water,1.333,0.885052,Aqueous,1,0.835625,1.67125,2.95242e-06,2.21157,26.4396,0.220935,0.264396,31.6704,99.9339,100,--,
7,,A7 ,,15:21:31,2026-03-20,432,7,View,--,998907,5.31333e+06,5,5,0,100,9.96147,25.1074,81.2,100,25,0,A7,"949-WPR3, Z=9, Corner offsets=[120,45],[-30,-60],[100,100],[-90,45]",1,7,2026-Mar-20 15:12:34,137.292,0.184021,1.79698e-08,274.585,78.366,57.0796,0.570796,337943,1.17262,2326.98,--,1.91729e-05,905.31,0.681415,67.1588,544.169,8.09258,0.000741206,6,4,--,--,--,--,--,,Protein,Sphere,1.584,0,,0,Globular Proteins,0.185,Sphere,0,,50,25,1000,Water,1.333,0.885052,Aqueous,2,6.07144,12.1429,4.06347e-07,229.047,11.2673,0.684086,0.112673,8.43765,0.0471409,4.5596e-05,--,
7,,A7 ,,15:21:31,2026-03-20,432,7,View,--,998907,5.31333e+06,5,5,0,100,9.96147,25.1074,81.2,100,25,0,A7,"949-WPR3, Z=9, Corner offsets=[120,45],[-30,-60],[100,100],[-90,45]",1,7,2026-Mar-20 15:12:34,137.292,0.184021,1.79698e-08,274.585,78.366,57.0796,0.570796,337943,1.17262,2326.98,--,1.91729e-05,905.31,0.681415,67.1588,544.169,8.09258,0.000741206,6,4,--,--,--,--,--,,Protein,Sphere,1.584,0,,0,Globular Proteins,0.185,Sphere,0,,50,25,1000,Water,1.333,0.885052,Aqueous,3,67.0032,134.006,3.68208e-08,63077.9,11.4936,7.70106,0.114936,15.2475,0.000320071,1.99713e-10,--,
7,,A7 ,,15:21:31,2026-03-20,432,7,View,--,998907,5.31333e+06,5,5,0,100,9.96147,25.1074,81.2,100,25,0,A7,"949-WPR3, Z=9, Corner offsets=[120,45],[-30,-60],[100,100],[-90,45]",1,7,2026-Mar-20 15:12:34,137.292,0.184021,1.79698e-08,274.585,78.366,57.0796,0.570796,337943,1.17262,2326.98,--,1.91729e-05,905.31,0.681415,67.1588,544.169,8.09258,0.000741206,6,4,--,--,--,--,--,,Protein,Sphere,1.584,0,,0,Globular Proteins,0.185,Sphere,0,,50,25,1000,Water,1.333,0.885052,Aqueous,4,500.002,1000,4.93421e-09,6.95396e+06,16.391,81.9553,0.16391,44.6445,0.0186477,3.06387e-11,--,
8,,A8 ,,15:23:34,2026-03-20,555,8,View,--,930498,5.12366e+06,5,5,0,100,9.96147,25.1335,56.76,42,25,0,A8,"949-WPR3, Z=9, Corner offsets=[120,45],[-30,-60],[100,100],[-90,45]",1,8,2026-Mar-20 15:12:34,14.1638,0.173789,1.74304e-07,28.3275,8.08462,57.0796,0.570796,1662.29,1.1701,2258.55,--,0.00127243,8781.39,0.642968,68.485,521.724,7.60868,0.00103818,5,4,--,--,--,--,--,,Protein,Sphere,1.584,0,,0,Globular Proteins,0.185,Sphere,0,,50,25,1000,Water,1.333,0.884522,Aqueous,1,0.69952,1.39904,3.52929e-06,1.45895,6.68516,0.046764,0.0668516,34.3885,99.7169,99.998,--,
8,,A8 ,,15:23:34,2026-03-20,555,8,View,--,930498,5.12366e+06,5,5,0,100,9.96147,25.1335,56.76,42,25,0,A8,"949-WPR3, Z=9, Corner offsets=[120,45],[-30,-60],[100,100],[-90,45]",1,8,2026-Mar-20 15:12:34,14.1638,0.173789,1.74304e-07,28.3275,8.08462,57.0796,0.570796,1662.29,1.1701,2258.55,--,0.00127243,8781.39,0.642968,68.485,521.724,7.60868,0.00103818,5,4,--,--,--,--,--,,Protein,Sphere,1.584,0,,0,Globular Proteins,0.185,Sphere,0,,50,25,1000,Water,1.333,0.884522,Aqueous,2,3.56495,7.1299,6.92522e-07,65.8982,3.93291,0.140206,0.0393291,12.7317,0.274904,0.00198642,--,
8,,A8 ,,15:23:34,2026-03-20,555,8,View,--,930498,5.12366e+06,5,5,0,100,9.96147,25.1335,56.76,42,25,0,A8,"949-WPR3, Z=9, Corner offsets=[120,45],[-30,-60],[100,100],[-90,45]",1,8,2026-Mar-20 15:12:34,14.1638,0.173789,1.74304e-07,28.3275,8.08462,57.0796,0.570796,1662.29,1.1701,2258.55,--,0.00127243,8781.39,0.642968,68.485,521.724,7.60868,0.00103818,5,4,--,--,--,--,--,,Protein,Sphere,1.584,0,,0,Globular Proteins,0.185,Sphere,0,,50,25,1000,Water,1.333,0.884522,Aqueous,3,75.0096,150.019,3.29132e-08,82144.3,3.73028,2.79807,0.0373028,24.6231,0.000481984,3.65108e-10,--,
8,,A8 ,,15:23:34,2026-03-20,555,8,View,--,930498,5.12366e+06,5,5,0,100,9.96147,25.1335,56.76,42,25,0,A8,"949-WPR3, Z=9, Corner offsets=[120,45],[-30,-60],[100,100],[-90,45]",1,8,2026-Mar-20 15:12:34,14.1638,0.173789,1.74304e-07,28.3275,8.08462,57.0796,0.570796,1662.29,1.1701,2258.55,--,0.00127243,8781.39,0.642968,68.485,521.724,7.60868,0.00103818,5,4,--,--,--,--,--,,Protein,Sphere,1.584,0,,0,Globular Proteins,0.185,Sphere,0,,50,25,1000,Water,1.333,0.884522,Aqueous,4,530.878,1061.76,4.65042e-09,8.00057e+06,3.42519,18.1836,0.0342519,28.2566,0.00774635,1.74329e-11,--,
9,,A9 ,,15:25:21,2026-03-20,662,9,View,--,1.60966e+06,5.44171e+06,5,5,0,100,9.96147,25.0705,65.2,85,25,0,A9,"949-WPR3, Z=9, Corner offsets=[120,45],[-30,-60],[100,100],[-90,45]",1,9,2026-Mar-20 15:12:34,5.722,0.156436,4.30745e-07,11.444,3.2661,57.0796,0.570796,199.383,1.10849,3361.52,--,0.000937314,21700.8,0.61265,12.1236,536.117,44.1703,0.000408166,8,5,--,--,--,--,--,,Protein,Sphere,1.584,0,,0,Globular Proteins,0.185,Sphere,0,,50,25,1000,Water,1.333,0.885801,Aqueous,1,0.773901,1.5478,3.1848e-06,1.8481,23.1305,0.179007,0.231305,39.3537,99.877,99.9997,--,
9,,A9 ,,15:25:21,2026-03-20,662,9,View,--,1.60966e+06,5.44171e+06,5,5,0,100,9.96147,25.0705,65.2,85,25,0,A9,"949-WPR3, Z=9, Corner offsets=[120,45],[-30,-60],[100,100],[-90,45]",1,9,2026-Mar-20 15:12:34,5.722,0.156436,4.30745e-07,11.444,3.2661,57.0796,0.570796,199.383,1.10849,3361.52,--,0.000937314,21700.8,0.61265,12.1236,536.117,44.1703,0.000408166,8,5,--,--,--,--,--,,Protein,Sphere,1.584,0,,0,Globular Proteins,0.185,Sphere,0,,50,25,1000,Water,1.333,0.885801,Aqueous,2,4.40408,8.80816,5.59645e-07,108.062,13.1761,0.580285,0.131761,9.52274,0.104717,0.00032807,--,
9,,A9 ,,15:25:21,2026-03-20,662,9,View,--,1.60966e+06,5.44171e+06,5,5,0,100,9.96147,25.0705,65.2,85,25,0,A9,"949-WPR3, Z=9, Corner offsets=[120,45],[-30,-60],[100,100],[-90,45]",1,9,2026-Mar-20 15:12:34,5.722,0.156436,4.30745e-07,11.444,3.2661,57.0796,0.570796,199.383,1.10849,3361.52,--,0.000937314,21700.8,0.61265,12.1236,536.117,44.1703,0.000408166,8,5,--,--,--,--,--,,Protein,Sphere,1.584,0,,0,Globular Proteins,0.185,Sphere,0,,50,25,1000,Water,1.333,0.885801,Aqueous,3,13.8195,27.639,1.78351e-07,1569.28,9.14819,1.26423,0.0914819,5.52683,0.00196892,1.75936e-07,--,
9,,A9 ,,15:25:21,2026-03-20,662,9,View,--,1.60966e+06,5.44171e+06,5,5,0,100,9.96147,25.0705,65.2,85,25,0,A9,"949-WPR3, Z=9, Corner offsets=[120,45],[-30,-60],[100,100],[-90,45]",1,9,2026-Mar-20 15:12:34,5.722,0.156436,4.30745e-07,11.444,3.2661,57.0796,0.570796,199.383,1.10849,3361.52,--,0.000937314,21700.8,0.61265,12.1236,536.117,44.1703,0.000408166,8,5,--,--,--,--,--,,Protein,Sphere,1.584,0,,0,Globular Proteins,0.185,Sphere,0,,50,25,1000,Water,1.333,0.885801,Aqueous,4,121.094,242.188,2.03538e-08,251923,8.84196,10.7071,0.0884196,28.9804,0.0108356,1.54899e-09,--,
9,,A9 ,,15:25:21,2026-03-20,662,9,View,--,1.60966e+06,5.44171e+06,5,5,0,100,9.96147,25.0705,65.2,85,25,0,A9,"949-WPR3, Z=9, Corner offsets=[120,45],[-30,-60],[100,100],[-90,45]",1,9,2026-Mar-20 15:12:34,5.722,0.156436,4.30745e-07,11.444,3.2661,57.0796,0.570796,199.383,1.10849,3361.52,--,0.000937314,21700.8,0.61265,12.1236,536.117,44.1703,0.000408166,8,5,--,--,--,--,--,,Protein,Sphere,1.584,0,,0,Globular Proteins,0.185,Sphere,0,,50,25,1000,Water,1.333,0.885801,Aqueous,5,570.467,1140.93,4.32054e-09,9.46687e+06,6.78745,38.7201,0.0678745,16.6164,0.00548392,6.19857e-12,--,
10,,A10 ,,15:27:07,2026-03-20,768,10,View,--,837099,3.97483e+06,5,5,0,100,9.96147,25.0055,71.92,75,25,0,A10,"949-WPR3, Z=9, Corner offsets=[120,45],[-30,-60],[100,100],[-90,45]",1,10,2026-Mar-20 15:12:34,4.16453,0.180392,5.90824e-07,8.32906,2.3771,57.0796,0.570796,94.8068,1.09555,4987.59,--,0.000229606,29765.5,0.626923,44.3907,1023.43,23.041,0.000457545,7,5,--,--,--,--,--,,Protein,Sphere,1.584,0,,0,Globular Proteins,0.185,Sphere,0,,50,25,1000,Water,1.333,0.887125,Aqueous,1,0.750651,1.5013,3.27783e-06,1.72079,18.6947,0.140332,0.186947,36.8614,99.8845,99.9997,--,
10,,A10 ,,15:27:07,2026-03-20,768,10,View,--,837099,3.97483e+06,5,5,0,100,9.96147,25.0055,71.92,75,25,0,A10,"949-WPR3, Z=9, Corner offsets=[120,45],[-30,-60],[100,100],[-90,45]",1,10,2026-Mar-20 15:12:34,4.16453,0.180392,5.90824e-07,8.32906,2.3771,57.0796,0.570796,94.8068,1.09555,4987.59,--,0.000229606,29765.5,0.626923,44.3907,1023.43,23.041,0.000457545,7,5,--,--,--,--,--,,Protein,Sphere,1.584,0,,0,Globular Proteins,0.185,Sphere,0,,50,25,1000,Water,1.333,0.887125,Aqueous,2,4.74779,9.49557,5.18243e-07,128.835,8.0234,0.380934,0.080234,11.4962,0.103127,0.000257912,--,
10,,A10 ,,15:27:07,2026-03-20,768,10,View,--,837099,3.97483e+06,5,5,0,100,9.96147,25.0055,71.92,75,25,0,A10,"949-WPR3, Z=9, Corner offsets=[120,45],[-30,-60],[100,100],[-90,45]",1,10,2026-Mar-20 15:12:34,4.16453,0.180392,5.90824e-07,8.32906,2.3771,57.0796,0.570796,94.8068,1.09555,4987.59,--,0.000229606,29765.5,0.626923,44.3907,1023.43,23.041,0.000457545,7,5,--,--,--,--,--,,Protein,Sphere,1.584,0,,0,Globular Proteins,0.185,Sphere,0,,50,25,1000,Water,1.333,0.887125,Aqueous,3,50.7774,101.555,4.84568e-08,32969,7.27458,3.69384,0.0727458,13.0288,0.000225086,4.38974e-10,--,
10,,A10 ,,15:27:07,2026-03-20,768,10,View,--,837099,3.97483e+06,5,5,0,100,9.96147,25.0055,71.92,75,25,0,A10,"949-WPR3, Z=9, Corner offsets=[120,45],[-30,-60],[100,100],[-90,45]",1,10,2026-Mar-20 15:12:34,4.16453,0.180392,5.90824e-07,8.32906,2.3771,57.0796,0.570796,94.8068,1.09555,4987.59,--,0.000229606,29765.5,0.626923,44.3907,1023.43,23.041,0.000457545,7,5,--,--,--,--,--,,Protein,Sphere,1.584,0,,0,Globular Proteins,0.185,Sphere,0,,50,25,1000,Water,1.333,0.887125,Aqueous,4,248.518,497.035,9.90073e-09,1.35468e+06,9.01909,22.414,0.0901909,26.6031,0.00502485,7.37926e-11,--,
10,,A10 ,,15:27:07,2026-03-20,768,10,View,--,837099,3.97483e+06,5,5,0,100,9.96147,25.0055,71.92,75,25,0,A10,"949-WPR3, Z=9, Corner offsets=[120,45],[-30,-60],[100,100],[-90,45]",1,10,2026-Mar-20 15:12:34,4.16453,0.180392,5.90824e-07,8.32906,2.3771,57.0796,0.570796,94.8068,1.09555,4987.59,--,0.000229606,29765.5,0.626923,44.3907,1023.43,23.041,0.000457545,7,5,--,--,--,--,--,,Protein,Sphere,1.584,0,,0,Globular Proteins,0.185,Sphere,0,,50,25,1000,Water,1.333,0.887125,Aqueous,5,1155.75,2311.5,2.12892e-09,4.93934e+07,7.58156,87.624,0.0758156,12.0105,0.00708435,1.16082e-12,--,
11,,A11 ,,15:28:50,2026-03-20,871,11,View,--,1.60103e+06,8.82404e+06,5,5,0,100,9.96147,24.9655,81.856,100,25,0,A11,"949-WPR3, Z=9, Corner offsets=[120,45],[-30,-60],[100,100],[-90,45]",1,11,2026-Mar-20 15:12:34,1.89545,0.241436,1.29675e-06,3.7909,1.08192,57.0796,0.570796,15.0304,1.02856,102.422,--,0.0971077,65329.6,0.867677,1.51309,371.099,244.686,0.000360425,5,3,--,--,--,--,--,,Protein,Sphere,1.584,0,,0,Globular Proteins,0.185,Sphere,0,,50,25,1000,Water,1.333,0.887939,Aqueous,1,1.41717,2.83434,1.73438e-06,7.61161,29.3668,0.416178,0.293668,78.9647,99.9886,100,--,
11,,A11 ,,15:28:50,2026-03-20,871,11,View,--,1.60103e+06,8.82404e+06,5,5,0,100,9.96147,24.9655,81.856,100,25,0,A11,"949-WPR3, Z=9, Corner offsets=[120,45],[-30,-60],[100,100],[-90,45]",1,11,2026-Mar-20 15:12:34,1.89545,0.241436,1.29675e-06,3.7909,1.08192,57.0796,0.570796,15.0304,1.02856,102.422,--,0.0971077,65329.6,0.867677,1.51309,371.099,244.686,0.000360425,5,3,--,--,--,--,--,,Protein,Sphere,1.584,0,,0,Globular Proteins,0.185,Sphere,0,,50,25,1000,Water,1.333,0.887939,Aqueous,2,33.1557,66.3114,7.41326e-08,12161.3,5.33523,1.76893,0.0533523,3.84875,0.000300355,5.68789e-09,--,
11,,A11 ,,15:28:50,2026-03-20,871,11,View,--,1.60103e+06,8.82404e+06,5,5,0,100,9.96147,24.9655,81.856,100,25,0,A11,"949-WPR3, Z=9, Corner offsets=[120,45],[-30,-60],[100,100],[-90,45]",1,11,2026-Mar-20 15:12:34,1.89545,0.241436,1.29675e-06,3.7909,1.08192,57.0796,0.570796,15.0304,1.02856,102.422,--,0.0971077,65329.6,0.867677,1.51309,371.099,244.686,0.000360425,5,3,--,--,--,--,--,,Protein,Sphere,1.584,0,,0,Globular Proteins,0.185,Sphere,0,,50,25,1000,Water,1.333,0.887939,Aqueous,3,392.033,784.065,6.26968e-09,3.93581e+06,5.81221,22.7858,0.0581221,17.1866,0.0111493,1.23891e-10,--,
12,,A12 ,,15:29:56,2026-03-20,937,12,View,--,1.46215e+06,9.76246e+06,5,5,0,100,9.96147,24.9593,31.9216,22,25,0,A12,"949-WPR3, Z=9, Corner offsets=[120,45],[-30,-60],[100,100],[-90,45]",1,12,2026-Mar-20 15:12:34,1.51621,0.206805,1.62083e-06,3.03242,0.843309,55.6196,0.556196,8.91494,1.07575,13.842,--,6407.36,78666.5,0.915671,0.991222,1.04354,0.129003,0.00140004,2,2,--,--,--,--,--,,Protein,Sphere,1.584,0,,0,Globular Proteins,0.185,Sphere,0,,50,25,1000,Water,1.333,0.888066,Aqueous,1,1.01935,2.0387,2.41087e-06,3.52088,3.71137,0.0378318,0.0371137,91.7896,99.9936,100,--,
12,,A12 ,,15:29:56,2026-03-20,937,12,View,--,1.46215e+06,9.76246e+06,5,5,0,100,9.96147,24.9593,31.9216,22,25,0,A12,"949-WPR3, Z=9, Corner offsets=[120,45],[-30,-60],[100,100],[-90,45]",1,12,2026-Mar-20 15:12:34,1.51621,0.206805,1.62083e-06,3.03242,0.843309,55.6196,0.556196,8.91494,1.07575,13.842,--,6407.36,78666.5,0.915671,0.991222,1.04354,0.129003,0.00140004,2,2,--,--,--,--,--,,Protein,Sphere,1.584,0,,0,Globular Proteins,0.185,Sphere,0,,50,25,1000,Water,1.333,0.888066,Aqueous,2,11.551,23.1021,2.12753e-07,1031.57,0,0,0,8.21038,0.0063599,4.27473e-06,--,
13,,B1 ,,15:31:32,2026-03-20,1033,13,View,--,930313,4.4419e+06,5,5,0,100,9.96147,24.9814,69.2,68,25,0,B1,"949-WPR3, Z=9, Corner offsets=[120,45],[-30,-60],[100,100],[-90,45]",2,1,2026-Mar-20 15:12:34,38.2668,0.200136,6.4258e-08,76.5335,21.8425,57.0796,0.570796,17008.5,1.14904,3571.29,--,5.25411e-05,3237.3,0.470627,69.5522,301.824,4.33277,0.000594815,6,4,--,--,--,--,--,,Protein,Sphere,1.584,0,,0,Globular Proteins,0.185,Sphere,0,,50,25,1000,Water,1.333,0.887616,Aqueous,1,0.591947,1.18389,4.154e-06,0.987112,23.2682,0.137735,0.232682,38.2234,99.9542,99.9999,--,
13,,B1 ,,15:31:32,2026-03-20,1033,13,View,--,930313,4.4419e+06,5,5,0,100,9.96147,24.9814,69.2,68,25,0,B1,"949-WPR3, Z=9, Corner offsets=[120,45],[-30,-60],[100,100],[-90,45]",2,1,2026-Mar-20 15:12:34,38.2668,0.200136,6.4258e-08,76.5335,21.8425,57.0796,0.570796,17008.5,1.14904,3571.29,--,5.25411e-05,3237.3,0.470627,69.5522,301.824,4.33277,0.000594815,6,4,--,--,--,--,--,,Protein,Sphere,1.584,0,,0,Globular Proteins,0.185,Sphere,0,,50,25,1000,Water,1.333,0.887616,Aqueous,2,3.32904,6.65807,7.38636e-07,56.1435,7.57876,0.2523,0.0757876,3.96312,0.0430717,0.000116909,--,
13,,B1 ,,15:31:32,2026-03-20,1033,13,View,--,930313,4.4419e+06,5,5,0,100,9.96147,24.9814,69.2,68,25,0,B1,"949-WPR3, Z=9, Corner offsets=[120,45],[-30,-60],[100,100],[-90,45]",2,1,2026-Mar-20 15:12:34,38.2668,0.200136,6.4258e-08,76.5335,21.8425,57.0796,0.570796,17008.5,1.14904,3571.29,--,5.25411e-05,3237.3,0.470627,69.5522,301.824,4.33277,0.000594815,6,4,--,--,--,--,--,,Protein,Sphere,1.584,0,,0,Globular Proteins,0.185,Sphere,0,,50,25,1000,Water,1.333,0.887616,Aqueous,3,78.6933,157.387,3.12472e-08,91895.5,9.68637,7.62253,0.0968637,32.3811,0.000328423,5.94015e-11,--,
13,,B1 ,,15:31:32,2026-03-20,1033,13,View,--,930313,4.4419e+06,5,5,0,100,9.96147,24.9814,69.2,68,25,0,B1,"949-WPR3, Z=9, Corner offsets=[120,45],[-30,-60],[100,100],[-90,45]",2,1,2026-Mar-20 15:12:34,38.2668,0.200136,6.4258e-08,76.5335,21.8425,57.0796,0.570796,17008.5,1.14904,3571.29,--,5.25411e-05,3237.3,0.470627,69.5522,301.824,4.33277,0.000594815,6,4,--,--,--,--,--,,Protein,Sphere,1.584,0,,0,Globular Proteins,0.185,Sphere,0,,50,25,1000,Water,1.333,0.887616,Aqueous,4,306.127,612.254,8.03244e-09,2.20643e+06,9.583,29.3361,0.09583,25.4324,0.00244631,8.55539e-12,--,
14,,B2 ,,15:33:45,2026-03-20,1166,14,View,--,924034,4.01497e+06,5,5,0,100,9.96147,24.9997,57.3801,54,25,0,B2,"949-WPR3, Z=9, Corner offsets=[120,45],[-30,-60],[100,100],[-90,45]",2,2,2026-Mar-20 15:12:34,6.25128,0.156425,3.93541e-07,12.5026,3.5682,57.0796,0.570796,245.237,1.07569,3327.69,--,0.00101384,19826.5,0.474451,90.9501,924.159,10.156,0.000452827,6,4,--,--,--,--,--,,Protein,Sphere,1.584,0,,0,Globular Proteins,0.185,Sphere,0,,50,25,1000,Water,1.333,0.887242,Aqueous,1,0.61375,1.2275,4.00836e-06,1.07429,25.8199,0.15847,0.258199,40.3475,99.9849,100,--,
14,,B2 ,,15:33:45,2026-03-20,1166,14,View,--,924034,4.01497e+06,5,5,0,100,9.96147,24.9997,57.3801,54,25,0,B2,"949-WPR3, Z=9, Corner offsets=[120,45],[-30,-60],[100,100],[-90,45]",2,2,2026-Mar-20 15:12:34,6.25128,0.156425,3.93541e-07,12.5026,3.5682,57.0796,0.570796,245.237,1.07569,3327.69,--,0.00101384,19826.5,0.474451,90.9501,924.159,10.156,0.000452827,6,4,--,--,--,--,--,,Protein,Sphere,1.584,0,,0,Globular Proteins,0.185,Sphere,0,,50,25,1000,Water,1.333,0.887242,Aqueous,2,6.71561,13.4312,3.66331e-07,289.997,5.69094,0.382182,0.0569094,4.29022,0.00516946,1.14663e-06,--,
14,,B2 ,,15:33:45,2026-03-20,1166,14,View,--,924034,4.01497e+06,5,5,0,100,9.96147,24.9997,57.3801,54,25,0,B2,"949-WPR3, Z=9, Corner offsets=[120,45],[-30,-60],[100,100],[-90,45]",2,2,2026-Mar-20 15:12:34,6.25128,0.156425,3.93541e-07,12.5026,3.5682,57.0796,0.570796,245.237,1.07569,3327.69,--,0.00101384,19826.5,0.474451,90.9501,924.159,10.156,0.000452827,6,4,--,--,--,--,--,,Protein,Sphere,1.584,0,,0,Globular Proteins,0.185,Sphere,0,,50,25,1000,Water,1.333,0.887242,Aqueous,3,103.591,207.182,2.37485e-08,174836,7.17199,7.42955,0.0717199,38.7558,0.00640356,3.22876e-10,--,
14,,B2 ,,15:33:45,2026-03-20,1166,14,View,--,924034,4.01497e+06,5,5,0,100,9.96147,24.9997,57.3801,54,25,0,B2,"949-WPR3, Z=9, Corner offsets=[120,45],[-30,-60],[100,100],[-90,45]",2,2,2026-Mar-20 15:12:34,6.25128,0.156425,3.93541e-07,12.5026,3.5682,57.0796,0.570796,245.237,1.07569,3327.69,--,0.00101384,19826.5,0.474451,90.9501,924.159,10.156,0.000452827,6,4,--,--,--,--,--,,Protein,Sphere,1.584,0,,0,Globular Proteins,0.185,Sphere,0,,50,25,1000,Water,1.333,0.887242,Aqueous,4,981.89,1963.78,2.50551e-09,3.37293e+07,6.04033,59.3093,0.0604033,16.6065,0.00348696,2.3608e-13,--,
15,,B3 ,,15:36:22,2026-03-20,1323,15,View,--,983663,4.97795e+06,5,5,0,100,9.96147,25.0135,80.04,99,25,0,B3,"949-WPR3, Z=9, Corner offsets=[120,45],[-30,-60],[100,100],[-90,45]",2,3,2026-Mar-20 15:12:34,1.34325,0.207806,1.83215e-06,2.68649,0.76672,57.0796,0.570796,6.71486,1.05249,47.1698,--,0.0897078,92302.9,0.980966,1.10441,153.577,138.17,0.000953226,3,2,--,--,--,--,--,,Protein,Sphere,1.584,0,,0,Globular Proteins,0.185,Sphere,0,,50,25,1000,Water,1.333,0.886962,Aqueous,1,1.12902,2.25803,2.1798e-06,4.47183,7.41639,0.0837322,0.0741639,86.2604,99.9987,100,--,
15,,B3 ,,15:36:22,2026-03-20,1323,15,View,--,983663,4.97795e+06,5,5,0,100,9.96147,25.0135,80.04,99,25,0,B3,"949-WPR3, Z=9, Corner offsets=[120,45],[-30,-60],[100,100],[-90,45]",2,3,2026-Mar-20 15:12:34,1.34325,0.207806,1.83215e-06,2.68649,0.76672,57.0796,0.570796,6.71486,1.05249,47.1698,--,0.0897078,92302.9,0.980966,1.10441,153.577,138.17,0.000953226,3,2,--,--,--,--,--,,Protein,Sphere,1.584,0,,0,Globular Proteins,0.185,Sphere,0,,50,25,1000,Water,1.333,0.886962,Aqueous,2,163.312,326.623,1.50695e-08,507220,2.03503,3.32344,0.0203503,13.7396,0.0012773,3.822e-10,--,
16,,B4 ,,15:37:50,2026-03-20,1411,16,View,--,1.05743e+06,5.28714e+06,5,5,0,100,9.96147,25.0179,0,20,25,0,B4,"949-WPR3, Z=9, Corner offsets=[120,45],[-30,-60],[100,100],[-90,45]",2,4,2026-Mar-20 15:12:34,1.2875,0.106796,1.9117e-06,2.575,0.7349,57.0796,0.570796,6.08087,1.01914,33.1168,--,0.333118,96310.5,0.58627,1.00141,548.494,547.137,0.000189424,5,3,--,--,--,--,--,,Protein,Sphere,1.584,0,,0,Globular Proteins,0.185,Sphere,0,,50,25,1000,Water,1.333,0.886872,Aqueous,1,0.94921,1.89842,2.59301e-06,2.97996,30.3305,0.2879,0.303305,78.9284,99.9957,100,--,
16,,B4 ,,15:37:50,2026-03-20,1411,16,View,--,1.05743e+06,5.28714e+06,5,5,0,100,9.96147,25.0179,0,20,25,0,B4,"949-WPR3, Z=9, Corner offsets=[120,45],[-30,-60],[100,100],[-90,45]",2,4,2026-Mar-20 15:12:34,1.2875,0.106796,1.9117e-06,2.575,0.7349,57.0796,0.570796,6.08087,1.01914,33.1168,--,0.333118,96310.5,0.58627,1.00141,548.494,547.137,0.000189424,5,3,--,--,--,--,--,,Protein,Sphere,1.584,0,,0,Globular Proteins,0.185,Sphere,0,,50,25,1000,Water,1.333,0.886872,Aqueous,2,44.0935,88.187,5.58203e-08,23696.6,8.9375,3.94086,0.089375,2.19741,2.96728e-05,7.40923e-11,--,
16,,B4 ,,15:37:50,2026-03-20,1411,16,View,--,1.05743e+06,5.28714e+06,5,5,0,100,9.96147,25.0179,0,20,25,0,B4,"949-WPR3, Z=9, Corner offsets=[120,45],[-30,-60],[100,100],[-90,45]",2,4,2026-Mar-20 15:12:34,1.2875,0.106796,1.9117e-06,2.575,0.7349,57.0796,0.570796,6.08087,1.01914,33.1168,--,0.333118,96310.5,0.58627,1.00141,548.494,547.137,0.000189424,5,3,--,--,--,--,--,,Protein,Sphere,1.584,0,,0,Globular Proteins,0.185,Sphere,0,,50,25,1000,Water,1.333,0.886872,Aqueous,3,586.202,1172.4,4.19875e-09,1.00892e+07,16.0845,94.2878,0.160845,18.8742,0.00422734,4.67444e-12,--,
17,,B5 ,,15:38:55,2026-03-20,1476,17,View,--,793922,3.29428e+06,5,5,0,100,9.96147,25.0136,3.6,25,25,0,B5,"949-WPR3, Z=9, Corner offsets=[120,45],[-30,-60],[100,100],[-90,45]",2,5,2026-Mar-20 15:12:34,43.8949,0.0817535,5.60665e-08,87.7898,25.0551,57.0796,0.570796,23447.7,1.06977,985.068,--,0.000590862,2824.61,0.652481,729.745,837.628,1.14694,0.000774151,5,3,--,--,--,--,--,,Protein,Sphere,1.584,0,,0,Globular Proteins,0.185,Sphere,0,,50,25,1000,Water,1.333,0.886958,Aqueous,1,0.742912,1.48582,3.31269e-06,1.67957,13.792,0.102462,0.13792,35.0822,99.9719,100,--,
17,,B5 ,,15:38:55,2026-03-20,1476,17,View,--,793922,3.29428e+06,5,5,0,100,9.96147,25.0136,3.6,25,25,0,B5,"949-WPR3, Z=9, Corner offsets=[120,45],[-30,-60],[100,100],[-90,45]",2,5,2026-Mar-20 15:12:34,43.8949,0.0817535,5.60665e-08,87.7898,25.0551,57.0796,0.570796,23447.7,1.06977,985.068,--,0.000590862,2824.61,0.652481,729.745,837.628,1.14694,0.000774151,5,3,--,--,--,--,--,,Protein,Sphere,1.584,0,,0,Globular Proteins,0.185,Sphere,0,,50,25,1000,Water,1.333,0.886958,Aqueous,2,48.7409,97.4818,5.04922e-08,29957.9,1.45298,0.708195,0.0145298,7.00286,0.000140901,3.66742e-10,--,
17,,B5 ,,15:38:55,2026-03-20,1476,17,View,--,793922,3.29428e+06,5,5,0,100,9.96147,25.0136,3.6,25,25,0,B5,"949-WPR3, Z=9, Corner offsets=[120,45],[-30,-60],[100,100],[-90,45]",2,5,2026-Mar-20 15:12:34,43.8949,0.0817535,5.60665e-08,87.7898,25.0551,57.0796,0.570796,23447.7,1.06977,985.068,--,0.000590862,2824.61,0.652481,729.745,837.628,1.14694,0.000774151,5,3,--,--,--,--,--,,Protein,Sphere,1.584,0,,0,Globular Proteins,0.185,Sphere,0,,50,25,1000,Water,1.333,0.886958,Aqueous,3,816.586,1633.17,3.01381e-09,2.1912e+07,5.55953,45.3984,0.0555953,57.9149,0.0279556,1.58127e-11,--,
18,,B6 ,,15:40:07,2026-03-20,1548,18,View,--,915239,4.35828e+06,5,5,0,100,9.96147,25.006,30,30,25,0,B6,"949-WPR3, Z=9, Corner offsets=[120,45],[-30,-60],[100,100],[-90,45]",2,6,2026-Mar-20 15:12:34,2.41849,0.0761465,1.01739e-06,4.83697,1.38046,57.0796,0.570796,26.5824,1.13226,792.982,--,2.33609e-05,51255.8,0.828698,0.946299,164.54,173.001,0.00127523,3,2,--,--,--,--,--,,Protein,Sphere,1.584,0,,0,Globular Proteins,0.185,Sphere,0,,50,25,1000,Water,1.333,0.887113,Aqueous,1,0.908533,1.81707,2.70826e-06,2.6897,5.33789,0.0484965,0.0533789,55.3036,99.9957,100,--,
18,,B6 ,,15:40:07,2026-03-20,1548,18,View,--,915239,4.35828e+06,5,5,0,100,9.96147,25.006,30,30,25,0,B6,"949-WPR3, Z=9, Corner offsets=[120,45],[-30,-60],[100,100],[-90,45]",2,6,2026-Mar-20 15:12:34,2.41849,0.0761465,1.01739e-06,4.83697,1.38046,57.0796,0.570796,26.5824,1.13226,792.982,--,2.33609e-05,51255.8,0.828698,0.946299,164.54,173.001,0.00127523,3,2,--,--,--,--,--,,Protein,Sphere,1.584,0,,0,Globular Proteins,0.185,Sphere,0,,50,25,1000,Water,1.333,0.887113,Aqueous,2,166.003,332.006,1.48223e-08,526994,3.60146,5.97852,0.0360146,44.6964,0.00427333,6.45824e-10,--,
19,,B7 ,,15:41:11,2026-03-20,1612,19,View,--,990609,6.82238e+06,5,5,0,100,9.96147,24.9904,51.6,30,25,0,B7,"949-WPR3, Z=9, Corner offsets=[120,45],[-30,-60],[100,100],[-90,45]",2,7,2026-Mar-20 15:12:34,426.819,0.0402261,5.76247e-09,853.638,243.627,57.0796,0.570796,4.80201e+06,1.02012,95.4367,--,3.63448e-07,290.311,0.360546,362.107,554.231,1.52958,0.000599252,4,3,--,--,--,--,--,,Protein,Sphere,1.584,0,,0,Globular Proteins,0.185,Sphere,0,,50,25,1000,Water,1.333,0.887432,Aqueous,1,0.533778,1.06756,4.60778e-06,0.774921,37.1041,0.198053,0.371041,40.3745,99.9949,100,--,
19,,B7 ,,15:41:11,2026-03-20,1612,19,View,--,990609,6.82238e+06,5,5,0,100,9.96147,24.9904,51.6,30,25,0,B7,"949-WPR3, Z=9, Corner offsets=[120,45],[-30,-60],[100,100],[-90,45]",2,7,2026-Mar-20 15:12:34,426.819,0.0402261,5.76247e-09,853.638,243.627,57.0796,0.570796,4.80201e+06,1.02012,95.4367,--,3.63448e-07,290.311,0.360546,362.107,554.231,1.52958,0.000599252,4,3,--,--,--,--,--,,Protein,Sphere,1.584,0,,0,Globular Proteins,0.185,Sphere,0,,50,25,1000,Water,1.333,0.887432,Aqueous,2,5.53787,11.0757,4.44129e-07,184.694,8.74059,0.484043,0.0874059,2.10518,0.00202754,2.87825e-07,--,
19,,B7 ,,15:41:11,2026-03-20,1612,19,View,--,990609,6.82238e+06,5,5,0,100,9.96147,24.9904,51.6,30,25,0,B7,"949-WPR3, Z=9, Corner offsets=[120,45],[-30,-60],[100,100],[-90,45]",2,7,2026-Mar-20 15:12:34,426.819,0.0402261,5.76247e-09,853.638,243.627,57.0796,0.570796,4.80201e+06,1.02012,95.4367,--,3.63448e-07,290.311,0.360546,362.107,554.231,1.52958,0.000599252,4,3,--,--,--,--,--,,Protein,Sphere,1.584,0,,0,Globular Proteins,0.185,Sphere,0,,50,25,1000,Water,1.333,0.887432,Aqueous,3,481.39,962.779,5.10923e-09,6.36333e+06,19.5771,94.2421,0.195771,57.5203,0.00311082,7.15362e-13,--,
20,,B8 ,,15:42:39,2026-03-20,1700,20,View,--,944914,3.40878e+06,5,5,0,100,9.96147,24.9814,67,84,25,0,B8,"949-WPR3, Z=9, Corner offsets=[120,45],[-30,-60],[100,100],[-90,45]",2,8,2026-Mar-20 15:12:34,797.522,0.110867,3.08323e-09,1595.04,455.223,57.0796,0.570796,2.07337e+07,1.07136,232.195,--,1.55441e-06,155.332,0.501606,689.797,773.03,1.11994,0.00177279,5,3,--,--,--,--,--,,Protein,Sphere,1.584,0,,0,Globular Proteins,0.185,Sphere,0,,50,25,1000,Water,1.333,0.887616,Aqueous,1,0.527197,1.05439,4.66419e-06,0.752749,8.16987,0.0430713,0.0816987,21.326,99.9776,100,--,
20,,B8 ,,15:42:39,2026-03-20,1700,20,View,--,944914,3.40878e+06,5,5,0,100,9.96147,24.9814,67,84,25,0,B8,"949-WPR3, Z=9, Corner offsets=[120,45],[-30,-60],[100,100],[-90,45]",2,8,2026-Mar-20 15:12:34,797.522,0.110867,3.08323e-09,1595.04,455.223,57.0796,0.570796,2.07337e+07,1.07136,232.195,--,1.55441e-06,155.332,0.501606,689.797,773.03,1.11994,0.00177279,5,3,--,--,--,--,--,,Protein,Sphere,1.584,0,,0,Globular Proteins,0.185,Sphere,0,,50,25,1000,Water,1.333,0.887616,Aqueous,2,29.7261,59.4522,8.27202e-08,9419.46,3.17104,0.942626,0.0317104,7.23704,0.000244192,1.25045e-09,--,
20,,B8 ,,15:42:39,2026-03-20,1700,20,View,--,944914,3.40878e+06,5,5,0,100,9.96147,24.9814,67,84,25,0,B8,"949-WPR3, Z=9, Corner offsets=[120,45],[-30,-60],[100,100],[-90,45]",2,8,2026-Mar-20 15:12:34,797.522,0.110867,3.08323e-09,1595.04,455.223,57.0796,0.570796,2.07337e+07,1.07136,232.195,--,1.55441e-06,155.332,0.501606,689.797,773.03,1.11994,0.00177279,5,3,--,--,--,--,--,,Protein,Sphere,1.584,0,,0,Globular Proteins,0.185,Sphere,0,,50,25,1000,Water,1.333,0.887616,Aqueous,3,744.499,1489,3.30282e-09,1.76509e+07,5.88027,43.7786,0.0588027,71.437,0.0221084,7.20741e-12,--,
21,,B9 ,,15:44:17,2026-03-20,1798,21,View,--,1.7075e+06,1.76913e+07,5,5,0,100,9.96147,24.9903,35.656,15,25,0,B9,"949-WPR3, Z=9, Corner offsets=[120,45],[-30,-60],[100,100],[-90,45]",2,9,2026-Mar-20 15:12:34,6.0636,0.266154,4.05621e-07,12.1272,2.55657,42.1626,0.421626,228.356,1.00524,0.897167,--,11046.1,14065.2,3.42777,5.94332,10.3728,1.16854,0.000163688,6,3,--,--,--,--,--,,Protein,Sphere,1.584,0,,0,Globular Proteins,0.185,Sphere,0,,50,25,1000,Water,1.333,0.887434,Aqueous,1,6.44471,12.8894,3.81635e-07,263.362,38.323,2.4698,0.38323,96.1023,99.9152,100,--,
21,,B9 ,,15:44:17,2026-03-20,1798,21,View,--,1.7075e+06,1.76913e+07,5,5,0,100,9.96147,24.9903,35.656,15,25,0,B9,"949-WPR3, Z=9, Corner offsets=[120,45],[-30,-60],[100,100],[-90,45]",2,9,2026-Mar-20 15:12:34,6.0636,0.266154,4.05621e-07,12.1272,2.55657,42.1626,0.421626,228.356,1.00524,0.897167,--,11046.1,14065.2,3.42777,5.94332,10.3728,1.16854,0.000163688,6,3,--,--,--,--,--,,Protein,Sphere,1.584,0,,0,Globular Proteins,0.185,Sphere,0,,50,25,1000,Water,1.333,0.887434,Aqueous,2,37.2262,74.4523,6.60698e-08,15945.9,11.0579,4.11644,0.110579,2.39463,0.00890076,8.08612e-06,--,
21,,B9 ,,15:44:17,2026-03-20,1798,21,View,--,1.7075e+06,1.76913e+07,5,5,0,100,9.96147,24.9903,35.656,15,25,0,B9,"949-WPR3, Z=9, Corner offsets=[120,45],[-30,-60],[100,100],[-90,45]",2,9,2026-Mar-20 15:12:34,6.0636,0.266154,4.05621e-07,12.1272,2.55657,42.1626,0.421626,228.356,1.00524,0.897167,--,11046.1,14065.2,3.42777,5.94332,10.3728,1.16854,0.000163688,6,3,--,--,--,--,--,,Protein,Sphere,1.584,0,,0,Globular Proteins,0.185,Sphere,0,,50,25,1000,Water,1.333,0.887434,Aqueous,3,745.231,1490.46,3.30035e-09,1.76915e+07,9.50906,70.8645,0.0950906,1.5031,0.075881,7.54946e-09,--,
22,,B10 ,,15:45:41,2026-03-20,1882,22,View,--,995620,2.20543e+07,5,5,0,100,9.96147,24.9956,54.856,10,25,0,B10,"949-WPR3, Z=9, Corner offsets=[120,45],[-30,-60],[100,100],[-90,45]",2,10,2026-Mar-20 15:12:34,7.89634,0.370553,3.1152e-07,15.7927,4.5072,57.0796,0.570796,423.619,1.21903,1219.33,--,0.000527819,15694.3,2.85417,3.89292,501.303,128.04,0.000746941,5,3,--,--,--,--,--,,Protein,Sphere,1.584,0,,0,Globular Proteins,0.185,Sphere,0,,50,25,1000,Water,1.333,0.887325,Aqueous,1,3.39876,6.79752,7.23755e-07,58.9335,12.6562,0.430155,0.126562,54.8554,97.7927,99.9401,--,
22,,B10 ,,15:45:41,2026-03-20,1882,22,View,--,995620,2.20543e+07,5,5,0,100,9.96147,24.9956,54.856,10,25,0,B10,"949-WPR3, Z=9, Corner offsets=[120,45],[-30,-60],[100,100],[-90,45]",2,10,2026-Mar-20 15:12:34,7.89634,0.370553,3.1152e-07,15.7927,4.5072,57.0796,0.570796,423.619,1.21903,1219.33,--,0.000527819,15694.3,2.85417,3.89292,501.303,128.04,0.000746941,5,3,--,--,--,--,--,,Protein,Sphere,1.584,0,,0,Globular Proteins,0.185,Sphere,0,,50,25,1000,Water,1.333,0.887325,Aqueous,2,10.413,20.8261,2.3623e-07,809.292,8.53966,0.889237,0.0853966,31.1869,1.89589,0.0599464,--,
22,,B10 ,,15:45:41,2026-03-20,1882,22,View,--,995620,2.20543e+07,5,5,0,100,9.96147,24.9956,54.856,10,25,0,B10,"949-WPR3, Z=9, Corner offsets=[120,45],[-30,-60],[100,100],[-90,45]",2,10,2026-Mar-20 15:12:34,7.89634,0.370553,3.1152e-07,15.7927,4.5072,57.0796,0.570796,423.619,1.21903,1219.33,--,0.000527819,15694.3,2.85417,3.89292,501.303,128.04,0.000746941,5,3,--,--,--,--,--,,Protein,Sphere,1.584,0,,0,Globular Proteins,0.185,Sphere,0,,50,25,1000,Water,1.333,0.887325,Aqueous,3,539.664,1079.33,4.55815e-09,8.31383e+06,5.47406,29.5415,0.0547406,13.9578,0.311411,6.36504e-08,--,
23,,B11 ,,15:46:47,2026-03-20,1948,23,View,--,802743,7.61142e+06,5,5,0,100,9.96147,24.9945,56.056,24,25,0,B11,"949-WPR3, Z=9, Corner offsets=[120,45],[-30,-60],[100,100],[-90,45]",2,11,2026-Mar-20 15:12:34,1.20392,0.270136,2.04317e-06,2.40783,0.687191,57.0796,0.570796,5.19705,1.09643,565.704,--,2.87518e-05,102934,0.632144,0.767695,923.414,1202.02,0.000440731,5,4,--,--,--,--,--,,Protein,Sphere,1.584,0,,0,Globular Proteins,0.185,Sphere,0,,50,25,1000,Water,1.333,0.887347,Aqueous,1,0.726,1.452,3.38815e-06,1.59147,8.86193,0.0643376,0.0886193,58.9258,97.489,99.7866,--,
23,,B11 ,,15:46:47,2026-03-20,1948,23,View,--,802743,7.61142e+06,5,5,0,100,9.96147,24.9945,56.056,24,25,0,B11,"949-WPR3, Z=9, Corner offsets=[120,45],[-30,-60],[100,100],[-90,45]",2,11,2026-Mar-20 15:12:34,1.20392,0.270136,2.04317e-06,2.40783,0.687191,57.0796,0.570796,5.19705,1.09643,565.704,--,2.87518e-05,102934,0.632144,0.767695,923.414,1202.02,0.000440731,5,4,--,--,--,--,--,,Protein,Sphere,1.584,0,,0,Globular Proteins,0.185,Sphere,0,,50,25,1000,Water,1.333,0.887347,Aqueous,2,1.62489,3.24977,1.51383e-06,10.4824,5.48021,0.0890471,0.0548021,17.4467,2.50398,0.213407,--,
23,,B11 ,,15:46:47,2026-03-20,1948,23,View,--,802743,7.61142e+06,5,5,0,100,9.96147,24.9945,56.056,24,25,0,B11,"949-WPR3, Z=9, Corner offsets=[120,45],[-30,-60],[100,100],[-90,45]",2,11,2026-Mar-20 15:12:34,1.20392,0.270136,2.04317e-06,2.40783,0.687191,57.0796,0.570796,5.19705,1.09643,565.704,--,2.87518e-05,102934,0.632144,0.767695,923.414,1202.02,0.000440731,5,4,--,--,--,--,--,,Protein,Sphere,1.584,0,,0,Globular Proteins,0.185,Sphere,0,,50,25,1000,Water,1.333,0.887347,Aqueous,3,63.905,127.81,3.84915e-08,56463.6,3.85175,2.46146,0.0385175,3.83702,3.87253e-05,5.21468e-11,--,
23,,B11 ,,15:46:47,2026-03-20,1948,23,View,--,802743,7.61142e+06,5,5,0,100,9.96147,24.9945,56.056,24,25,0,B11,"949-WPR3, Z=9, Corner offsets=[120,45],[-30,-60],[100,100],[-90,45]",2,11,2026-Mar-20 15:12:34,1.20392,0.270136,2.04317e-06,2.40783,0.687191,57.0796,0.570796,5.19705,1.09643,565.704,--,2.87518e-05,102934,0.632144,0.767695,923.414,1202.02,0.000440731,5,4,--,--,--,--,--,,Protein,Sphere,1.584,0,,0,Globular Proteins,0.185,Sphere,0,,50,25,1000,Water,1.333,0.887347,Aqueous,4,968.348,1936.7,2.5402e-09,3.26509e+07,3.71367,35.9613,0.0371367,19.7905,0.00699572,2.69065e-12,--,
24,,B12 ,,15:48:03,2026-03-20,2024,24,View,--,952849,4.16902e+06,5,5,0,100,9.96147,24.9935,36.5126,36,25,0,B12,"949-WPR3, Z=9, Corner offsets=[120,45],[-30,-60],[100,100],[-90,45]",2,12,2026-Mar-20 15:12:34,1.01376,0.293387,2.42635e-06,2.02751,0.578649,57.0796,0.570796,3.47586,1.03911,553.147,--,0.00126987,122239,0.695286,0.972758,2444.98,2512.74,0.000747972,5,3,--,--,--,--,--,,Protein,Sphere,1.584,0,,0,Globular Proteins,0.185,Sphere,0,,50,25,1000,Water,1.333,0.887368,Aqueous,1,0.903804,1.80761,2.72153e-06,2.65706,17.961,0.162332,0.17961,67.9848,99.9399,99.9999,--,
24,,B12 ,,15:48:03,2026-03-20,2024,24,View,--,952849,4.16902e+06,5,5,0,100,9.96147,24.9935,36.5126,36,25,0,B12,"949-WPR3, Z=9, Corner offsets=[120,45],[-30,-60],[100,100],[-90,45]",2,12,2026-Mar-20 15:12:34,1.01376,0.293387,2.42635e-06,2.02751,0.578649,57.0796,0.570796,3.47586,1.03911,553.147,--,0.00126987,122239,0.695286,0.972758,2444.98,2512.74,0.000747972,5,3,--,--,--,--,--,,Protein,Sphere,1.584,0,,0,Globular Proteins,0.185,Sphere,0,,50,25,1000,Water,1.333,0.887368,Aqueous,2,5.34416,10.6883,4.60266e-07,169.93,4.97704,0.265981,0.0497704,4.11918,0.0246826,7.77613e-05,--,
24,,B12 ,,15:48:03,2026-03-20,2024,24,View,--,952849,4.16902e+06,5,5,0,100,9.96147,24.9935,36.5126,36,25,0,B12,"949-WPR3, Z=9, Corner offsets=[120,45],[-30,-60],[100,100],[-90,45]",2,12,2026-Mar-20 15:12:34,1.01376,0.293387,2.42635e-06,2.02751,0.578649,57.0796,0.570796,3.47586,1.03911,553.147,--,0.00126987,122239,0.695286,0.972758,2444.98,2512.74,0.000747972,5,3,--,--,--,--,--,,Protein,Sphere,1.584,0,,0,Globular Proteins,0.185,Sphere,0,,50,25,1000,Water,1.333,0.887368,Aqueous,3,2475.11,4950.22,9.93786e-10,2.93435e+08,8.04934,199.23,0.0804934,27.896,0.035385,1.08782e-12,--,
25,,C1 ,,15:49:50,2026-03-20,2131,25,View,--,1.15697e+06,2.89242e+08,5,5,0,100,9.96147,25.0012,98,20,25,0,C1,"949-WPR3, Z=9, Corner offsets=[120,45],[-30,-60],[100,100],[-90,45]",3,1,2026-Mar-20 15:12:34,72.1014,0.482348,3.41218e-08,144.203,26.1816,36.3121,0.363121,74885,1.01488,13.7248,--,1109.67,1020.98,53.1628,61.072,72.1312,0.310591,0.000728813,4,2,--,--,--,--,--,,Protein,Sphere,1.584,0,,0,Globular Proteins,0.185,Sphere,0,,50,25,1000,Water,1.333,0.887211,Aqueous,1,62.9924,125.985,3.9056e-08,54595,9.50387,5.98671,0.0950387,91.963,3.91491,99.9993,--,
25,,C1 ,,15:49:50,2026-03-20,2131,25,View,--,1.15697e+06,2.89242e+08,5,5,0,100,9.96147,25.0012,98,20,25,0,C1,"949-WPR3, Z=9, Corner offsets=[120,45],[-30,-60],[100,100],[-90,45]",3,1,2026-Mar-20 15:12:34,72.1014,0.482348,3.41218e-08,144.203,26.1816,36.3121,0.363121,74885,1.01488,13.7248,--,1109.67,1020.98,53.1628,61.072,72.1312,0.310591,0.000728813,4,2,--,--,--,--,--,,Protein,Sphere,1.584,0,,0,Globular Proteins,0.185,Sphere,0,,50,25,1000,Water,1.333,0.887211,Aqueous,2,9710.36,19420.7,2.53361e-10,7.18641e+09,12.3832,1202.46,0.123832,8.03696,96.0851,0.000676811,--,
26,,C2 ,,15:51:00,2026-03-20,2201,26,View,--,842728,6.10674e+08,5,5,0,100,9.96147,25.0027,99.08,15,25,0,C2,"949-WPR3, Z=9, Corner offsets=[120,45],[-30,-60],[100,100],[-90,45]",3,2,2026-Mar-20 15:12:34,71.3771,0.568079,3.44694e-08,142.754,9.09906,12.7479,0.127479,73136.8,0.999726,4.27192,--,1381.09,500.944,59.4396,72.5585,88.0558,0.394387,0.000859493,3,2,--,--,--,--,--,,Protein,Sphere,1.584,0,,0,Globular Proteins,0.185,Sphere,0,,50,25,1000,Water,1.333,0.887181,Aqueous,1,9.42218,18.8444,2.61121e-07,640.47,3.9852,0.375493,0.039852,1.68037,42.3397,99.7752,--,
26,,C2 ,,15:51:00,2026-03-20,2201,26,View,--,842728,6.10674e+08,5,5,0,100,9.96147,25.0027,99.08,15,25,0,C2,"949-WPR3, Z=9, Corner offsets=[120,45],[-30,-60],[100,100],[-90,45]",3,2,2026-Mar-20 15:12:34,71.3771,0.568079,3.44694e-08,142.754,9.09906,12.7479,0.127479,73136.8,0.999726,4.27192,--,1381.09,500.944,59.4396,72.5585,88.0558,0.394387,0.000859493,3,2,--,--,--,--,--,,Protein,Sphere,1.584,0,,0,Globular Proteins,0.185,Sphere,0,,50,25,1000,Water,1.333,0.887181,Aqueous,2,76.5008,153.002,3.21608e-08,86016.3,13.9438,10.6671,0.139438,98.3196,57.6603,0.224834,--,
27,,C3 ,,15:52:10,2026-03-20,2271,27,View,--,1.08678e+06,1.86348e+07,5,5,0,100,9.96147,25.0081,70.84,20,25,0,C3,"949-WPR3, Z=9, Corner offsets=[120,45],[-30,-60],[100,100],[-90,45]",3,3,2026-Mar-20 15:12:34,3.33835,0.207355,7.37093e-07,6.6767,0.844652,25.3015,0.253015,56.5118,1.00081,0.937764,--,28039.9,16407.3,2.34375,3.24643,5.17647,0.872565,0.000234625,3,2,--,--,--,--,--,,Protein,Sphere,1.584,0,,0,Globular Proteins,0.185,Sphere,0,,50,25,1000,Water,1.333,0.887071,Aqueous,1,3.32478,6.64957,7.40101e-07,55.9759,21.7485,0.723092,0.217485,90.0394,99.8892,100,--,
27,,C3 ,,15:52:10,2026-03-20,2271,27,View,--,1.08678e+06,1.86348e+07,5,5,0,100,9.96147,25.0081,70.84,20,25,0,C3,"949-WPR3, Z=9, Corner offsets=[120,45],[-30,-60],[100,100],[-90,45]",3,3,2026-Mar-20 15:12:34,3.33835,0.207355,7.37093e-07,6.6767,0.844652,25.3015,0.253015,56.5118,1.00081,0.937764,--,28039.9,16407.3,2.34375,3.24643,5.17647,0.872565,0.000234625,3,2,--,--,--,--,--,,Protein,Sphere,1.584,0,,0,Globular Proteins,0.185,Sphere,0,,50,25,1000,Water,1.333,0.887071,Aqueous,2,528.037,1056.07,4.66004e-09,7.90077e+06,12.4229,65.5974,0.124229,9.96061,0.110802,1.55579e-08,--,
28,,C4 ,,15:53:16,2026-03-20,2337,28,View,--,1.02334e+06,1.7547e+07,5,5,0,100,9.96147,25.0092,70.84,20,25,0,C4,"949-WPR3, Z=9, Corner offsets=[120,45],[-30,-60],[100,100],[-90,45]",3,4,2026-Mar-20 15:12:34,3.44004,0.260318,7.15325e-07,6.88008,0.868672,25.2518,0.252518,60.622,1.00153,1.12317,--,27222.7,15900.1,2.3996,3.30916,4.65479,0.681502,0.000206541,4,2,--,--,--,--,--,,Protein,Sphere,1.584,0,,0,Globular Proteins,0.185,Sphere,0,,50,25,1000,Water,1.333,0.887049,Aqueous,1,3.43588,6.87176,7.16191e-07,60.4506,21.825,0.74988,0.21825,94.0045,99.9313,100,--,
28,,C4 ,,15:53:16,2026-03-20,2337,28,View,--,1.02334e+06,1.7547e+07,5,5,0,100,9.96147,25.0092,70.84,20,25,0,C4,"949-WPR3, Z=9, Corner offsets=[120,45],[-30,-60],[100,100],[-90,45]",3,4,2026-Mar-20 15:12:34,3.44004,0.260318,7.15325e-07,6.88008,0.868672,25.2518,0.252518,60.622,1.00153,1.12317,--,27222.7,15900.1,2.3996,3.30916,4.65479,0.681502,0.000206541,4,2,--,--,--,--,--,,Protein,Sphere,1.584,0,,0,Globular Proteins,0.185,Sphere,0,,50,25,1000,Water,1.333,0.887049,Aqueous,2,505.313,1010.63,4.86975e-09,7.12804e+06,13.9981,70.7343,0.139981,5.99553,0.0687125,1.20249e-08,--,
29,,C5 ,,15:54:23,2026-03-20,2404,29,View,--,847669,8.07488e+06,5,5,0,100,9.96147,25.0076,47.512,20,25,0,C5,"949-WPR3, Z=9, Corner offsets=[120,45],[-30,-60],[100,100],[-90,45]",3,5,2026-Mar-20 15:12:34,425.606,0.135104,5.78151e-09,851.213,242.935,57.0796,0.570796,4.77015e+06,1.07202,923.772,--,5.8016e-06,291.27,0.854856,736.916,891.871,1.20911,0.0020053,5,3,--,--,--,--,--,,Protein,Sphere,1.584,0,,0,Globular Proteins,0.185,Sphere,0,,50,25,1000,Water,1.333,0.887081,Aqueous,1,0.935991,1.87198,2.62892e-06,2.88376,14.9021,0.139482,0.149021,25.615,99.9172,100,--,
29,,C5 ,,15:54:23,2026-03-20,2404,29,View,--,847669,8.07488e+06,5,5,0,100,9.96147,25.0076,47.512,20,25,0,C5,"949-WPR3, Z=9, Corner offsets=[120,45],[-30,-60],[100,100],[-90,45]",3,5,2026-Mar-20 15:12:34,425.606,0.135104,5.78151e-09,851.213,242.935,57.0796,0.570796,4.77015e+06,1.07202,923.772,--,5.8016e-06,291.27,0.854856,736.916,891.871,1.20911,0.0020053,5,3,--,--,--,--,--,,Protein,Sphere,1.584,0,,0,Globular Proteins,0.185,Sphere,0,,50,25,1000,Water,1.333,0.887081,Aqueous,2,51.7793,103.559,4.75218e-08,34511.4,5.32796,2.75878,0.0532796,14.4543,0.000735813,3.14593e-09,--,
29,,C5 ,,15:54:23,2026-03-20,2404,29,View,--,847669,8.07488e+06,5,5,0,100,9.96147,25.0076,47.512,20,25,0,C5,"949-WPR3, Z=9, Corner offsets=[120,45],[-30,-60],[100,100],[-90,45]",3,5,2026-Mar-20 15:12:34,425.606,0.135104,5.78151e-09,851.213,242.935,57.0796,0.570796,4.77015e+06,1.07202,923.772,--,5.8016e-06,291.27,0.854856,736.916,891.871,1.20911,0.0020053,5,3,--,--,--,--,--,,Protein,Sphere,1.584,0,,0,Globular Proteins,0.185,Sphere,0,,50,25,1000,Water,1.333,0.887081,Aqueous,3,846.117,1692.23,2.90816e-09,2.38111e+07,8.88675,75.1923,0.0888675,59.9307,0.0820757,8.13329e-11,--,
30,,C6 ,,15:55:28,2026-03-20,2469,30,View,--,1.02153e+06,8.46181e+06,5,5,0,100,9.96147,25.0035,47.512,23,25,0,C6,"949-WPR3, Z=9, Corner offsets=[120,45],[-30,-60],[100,100],[-90,45]",3,6,2026-Mar-20 15:12:34,6.41605,0.109298,3.83472e-07,12.8321,3.66226,57.0796,0.570796,260.63,1.04246,638.922,--,0.000876857,19319.2,0.574114,30.2187,244.848,8.08353,0.000819921,6,3,--,--,--,--,--,,Protein,Sphere,1.584,0,,0,Globular Proteins,0.185,Sphere,0,,50,25,1000,Water,1.333,0.887165,Aqueous,1,0.843086,1.68617,2.9183e-06,2.25805,38.57,0.325178,0.3857,43.8896,99.9981,100,--,
30,,C6 ,,15:55:28,2026-03-20,2469,30,View,--,1.02153e+06,8.46181e+06,5,5,0,100,9.96147,25.0035,47.512,23,25,0,C6,"949-WPR3, Z=9, Corner offsets=[120,45],[-30,-60],[100,100],[-90,45]",3,6,2026-Mar-20 15:12:34,6.41605,0.109298,3.83472e-07,12.8321,3.66226,57.0796,0.570796,260.63,1.04246,638.922,--,0.000876857,19319.2,0.574114,30.2187,244.848,8.08353,0.000819921,6,3,--,--,--,--,--,,Protein,Sphere,1.584,0,,0,Globular Proteins,0.185,Sphere,0,,50,25,1000,Water,1.333,0.887165,Aqueous,2,31.8068,63.6136,7.73539e-08,11035,9.20656,2.92831,0.0920656,12.8415,9.82856e-05,1.90332e-11,--,
30,,C6 ,,15:55:28,2026-03-20,2469,30,View,--,1.02153e+06,8.46181e+06,5,5,0,100,9.96147,25.0035,47.512,23,25,0,C6,"949-WPR3, Z=9, Corner offsets=[120,45],[-30,-60],[100,100],[-90,45]",3,6,2026-Mar-20 15:12:34,6.41605,0.109298,3.83472e-07,12.8321,3.66226,57.0796,0.570796,260.63,1.04246,638.922,--,0.000876857,19319.2,0.574114,30.2187,244.848,8.08353,0.000819921,6,3,--,--,--,--,--,,Protein,Sphere,1.584,0,,0,Globular Proteins,0.185,Sphere,0,,50,25,1000,Water,1.333,0.887165,Aqueous,3,235.022,470.045,1.04687e-08,1.18878e+06,10.4858,24.6441,0.104858,43.2689,0.00176702,9.25395e-13,--,
31,,C7 ,,15:56:37,2026-03-20,2538,31,View,--,894401,2.831e+06,5,5,0,100,9.96147,24.9959,21.0173,40,25,0,C7,"949-WPR3, Z=9, Corner offsets=[120,45],[-30,-60],[100,100],[-90,45]",3,7,2026-Mar-20 15:12:34,1.16474,0.0749474,2.11196e-06,2.32948,0.66483,57.0796,0.570796,4.80997,1.01616,149.133,--,0.0180538,106400,0.335156,1.01257,725.599,716.263,0.00151118,4,3,--,--,--,--,--,,Protein,Sphere,1.584,0,,0,Globular Proteins,0.185,Sphere,0,,50,25,1000,Water,1.333,0.887319,Aqueous,1,0.609754,1.21951,4.03423e-06,1.058,44.574,0.271792,0.44574,54.1151,99.9978,100,--,
31,,C7 ,,15:56:37,2026-03-20,2538,31,View,--,894401,2.831e+06,5,5,0,100,9.96147,24.9959,21.0173,40,25,0,C7,"949-WPR3, Z=9, Corner offsets=[120,45],[-30,-60],[100,100],[-90,45]",3,7,2026-Mar-20 15:12:34,1.16474,0.0749474,2.11196e-06,2.32948,0.66483,57.0796,0.570796,4.80997,1.01616,149.133,--,0.0180538,106400,0.335156,1.01257,725.599,716.263,0.00151118,4,3,--,--,--,--,--,,Protein,Sphere,1.584,0,,0,Globular Proteins,0.185,Sphere,0,,50,25,1000,Water,1.333,0.887319,Aqueous,2,11.289,22.5781,2.17901e-07,977.654,13.3517,1.50728,0.133517,4.95348,0.000417806,4.18687e-09,--,
31,,C7 ,,15:56:37,2026-03-20,2538,31,View,--,894401,2.831e+06,5,5,0,100,9.96147,24.9959,21.0173,40,25,0,C7,"949-WPR3, Z=9, Corner offsets=[120,45],[-30,-60],[100,100],[-90,45]",3,7,2026-Mar-20 15:12:34,1.16474,0.0749474,2.11196e-06,2.32948,0.66483,57.0796,0.570796,4.80997,1.01616,149.133,--,0.0180538,106400,0.335156,1.01257,725.599,716.263,0.00151118,4,3,--,--,--,--,--,,Protein,Sphere,1.584,0,,0,Globular Proteins,0.185,Sphere,0,,50,25,1000,Water,1.333,0.887319,Aqueous,3,652.928,1305.86,3.76748e-09,1.29838e+07,21.9486,143.309,0.219486,40.9314,0.00176397,8.62096e-14,--,
32,,C8 ,,15:57:52,2026-03-20,2613,32,View,--,2.15722e+06,2.94863e+07,5,5,0,100,9.96147,24.989,88.2,62,25,0,C8,"949-WPR3, Z=9, Corner offsets=[120,45],[-30,-60],[100,100],[-90,45]",3,8,2026-Mar-20 15:12:34,4349.64,0.0827395,5.65437e-10,8699.28,2482.76,57.0796,0.570796,1.09757e+09,1.02097,37.1709,--,1.83255e-06,28.4865,43.2457,8419.82,11710.9,1.38573,0.000521468,4,4,--,--,--,--,--,,Protein,Sphere,1.584,0,,0,Globular Proteins,0.185,Sphere,0,,50,25,1000,Water,1.333,0.887459,Aqueous,1,0.54755,1.0951,4.49172e-06,0.822514,2.28644,0.0125194,0.0228644,7.32602,99.1056,100,--,
32,,C8 ,,15:57:52,2026-03-20,2613,32,View,--,2.15722e+06,2.94863e+07,5,5,0,100,9.96147,24.989,88.2,62,25,0,C8,"949-WPR3, Z=9, Corner offsets=[120,45],[-30,-60],[100,100],[-90,45]",3,8,2026-Mar-20 15:12:34,4349.64,0.0827395,5.65437e-10,8699.28,2482.76,57.0796,0.570796,1.09757e+09,1.02097,37.1709,--,1.83255e-06,28.4865,43.2457,8419.82,11710.9,1.38573,0.000521468,4,4,--,--,--,--,--,,Protein,Sphere,1.584,0,,0,Globular Proteins,0.185,Sphere,0,,50,25,1000,Water,1.333,0.887459,Aqueous,2,46.7327,93.4654,5.26279e-08,27149.2,3.98945,1.86438,0.0398945,10.1398,0.000464048,7.57894e-10,--,
32,,C8 ,,15:57:52,2026-03-20,2613,32,View,--,2.15722e+06,2.94863e+07,5,5,0,100,9.96147,24.989,88.2,62,25,0,C8,"949-WPR3, Z=9, Corner offsets=[120,45],[-30,-60],[100,100],[-90,45]",3,8,2026-Mar-20 15:12:34,4349.64,0.0827395,5.65437e-10,8699.28,2482.76,57.0796,0.570796,1.09757e+09,1.02097,37.1709,--,1.83255e-06,28.4865,43.2457,8419.82,11710.9,1.38573,0.000521468,4,4,--,--,--,--,--,,Protein,Sphere,1.584,0,,0,Globular Proteins,0.185,Sphere,0,,50,25,1000,Water,1.333,0.887459,Aqueous,3,532.887,1065.77,4.61532e-09,8.0716e+06,2.84883,15.1811,0.0284883,3.02768,0.0017282,1.93482e-12,--,
32,,C8 ,,15:57:52,2026-03-20,2613,32,View,--,2.15722e+06,2.94863e+07,5,5,0,100,9.96147,24.989,88.2,62,25,0,C8,"949-WPR3, Z=9, Corner offsets=[120,45],[-30,-60],[100,100],[-90,45]",3,8,2026-Mar-20 15:12:34,4349.64,0.0827395,5.65437e-10,8699.28,2482.76,57.0796,0.570796,1.09757e+09,1.02097,37.1709,--,1.83255e-06,28.4865,43.2457,8419.82,11710.9,1.38573,0.000521468,4,4,--,--,--,--,--,,Protein,Sphere,1.584,0,,0,Globular Proteins,0.185,Sphere,0,,50,25,1000,Water,1.333,0.887459,Aqueous,4,9686.58,19373.2,2.53902e-10,7.1453e+09,20.1482,1951.67,0.201482,79.5065,0.892201,1.8426e-13,--,
33,,C9 ,,15:59:06,2026-03-20,2687,33,View,--,717759,1.23072e+07,5,5,0,100,9.96147,24.9902,70.84,20,25,0,C9,"949-WPR3, Z=9, Corner offsets=[120,45],[-30,-60],[100,100],[-90,45]",3,9,2026-Mar-20 15:12:34,4.28481,0.348779,5.74009e-07,8.56962,0.279062,6.51283,0.0651283,101.338,1.00091,0.315514,--,23072.4,5890.57,3.8017,3.9342,4.0667,0.0673593,0.000354569,2,1,--,--,--,--,--,,Protein,Sphere,1.584,0,,0,Globular Proteins,0.185,Sphere,0,,50,25,1000,Water,1.333,0.887436,Aqueous,1,4.10029,8.20059,5.99839e-07,91.4204,1.83758,0.075346,0.0183758,100,100,100,--,
34,,C10 ,,16:00:13,2026-03-20,2754,34,View,--,986332,6.26386e+06,5,5,0,100,9.96147,24.992,47.512,30,25,0,C10,"949-WPR3, Z=9, Corner offsets=[120,45],[-30,-60],[100,100],[-90,45]",3,10,2026-Mar-20 15:12:34,51.4127,0.02032,4.7841e-08,102.825,29.3462,57.0796,0.570796,33942.3,1.0008,0.902051,--,0.00819095,2410.21,30.5187,41.5347,2214.92,52.5921,0.00049302,4,2,--,--,--,--,--,,Protein,Sphere,1.584,0,,0,Globular Proteins,0.185,Sphere,0,,50,25,1000,Water,1.333,0.887399,Aqueous,1,41.7204,83.4409,5.89551e-08,20819.5,20.6143,8.60037,0.206143,82.8764,6.57972,99.9964,--,
34,,C10 ,,16:00:13,2026-03-20,2754,34,View,--,986332,6.26386e+06,5,5,0,100,9.96147,24.992,47.512,30,25,0,C10,"949-WPR3, Z=9, Corner offsets=[120,45],[-30,-60],[100,100],[-90,45]",3,10,2026-Mar-20 15:12:34,51.4127,0.02032,4.7841e-08,102.825,29.3462,57.0796,0.570796,33942.3,1.0008,0.902051,--,0.00819095,2410.21,30.5187,41.5347,2214.92,52.5921,0.00049302,4,2,--,--,--,--,--,,Protein,Sphere,1.584,0,,0,Globular Proteins,0.185,Sphere,0,,50,25,1000,Water,1.333,0.887399,Aqueous,2,3561.49,7122.98,6.90619e-10,6.87522e+08,97.0383,3456.01,0.970383,17.1236,93.4203,0.00361283,--,
35,,C11 ,,16:01:22,2026-03-20,2823,35,View,--,2.36069e+06,3.93446e+09,5,5,0,100,9.96147,24.9919,99.7,20,25,0,C11,"949-WPR3, Z=9, Corner offsets=[120,45],[-30,-60],[100,100],[-90,45]",3,11,2026-Mar-20 15:12:34,0.384152,0.000725317,6.40276e-06,0.768303,0.219272,57.0796,0.570796,0.35892,1.00858,0.674929,--,0.0212545,322569,0.724148,0.780605,0.814737,0.11605,0.00021341,1,1,--,--,--,--,--,,Protein,Sphere,1.584,0,,0,Globular Proteins,0.185,Sphere,0,,50,25,1000,Water,1.333,0.8874,Aqueous,1,0.806949,1.6139,3.04806e-06,2.03806,3.43312,0.0277035,0.0343312,100,100,100,--,
36,,C12 ,,16:02:32,2026-03-20,2893,36,View,--,1.0083e+06,1.44043e+07,5,5,0,100,9.96147,24.9878,93,100,25,0,C12,"949-WPR3, Z=9, Corner offsets=[120,45],[-30,-60],[100,100],[-90,45]",3,12,2026-Mar-20 15:12:34,2.16828,0.233924,1.13424e-06,4.33657,0.862155,39.7621,0.397621,20.5884,1.01084,3.41276,--,33636,37037,1.3951,1.81666,2.5186,0.618442,0.000231469,4,3,--,--,--,--,--,,Protein,Sphere,1.584,0,,0,Globular Proteins,0.185,Sphere,0,,50,25,1000,Water,1.333,0.887484,Aqueous,1,1.87911,3.75821,1.30879e-06,14.7289,18.4255,0.346234,0.184255,91.889,99.9728,99.9999,--,
36,,C12 ,,16:02:32,2026-03-20,2893,36,View,--,1.0083e+06,1.44043e+07,5,5,0,100,9.96147,24.9878,93,100,25,0,C12,"949-WPR3, Z=9, Corner offsets=[120,45],[-30,-60],[100,100],[-90,45]",3,12,2026-Mar-20 15:12:34,2.16828,0.233924,1.13424e-06,4.33657,0.862155,39.7621,0.397621,20.5884,1.01084,3.41276,--,33636,37037,1.3951,1.81666,2.5186,0.618442,0.000231469,4,3,--,--,--,--,--,,Protein,Sphere,1.584,0,,0,Globular Proteins,0.185,Sphere,0,,50,25,1000,Water,1.333,0.887484,Aqueous,2,10.1426,20.2852,2.42479e-07,760.966,6.31907,0.640917,0.0631907,3.3536,0.0200816,8.46484e-05,--,
36,,C12 ,,16:02:32,2026-03-20,2893,36,View,--,1.0083e+06,1.44043e+07,5,5,0,100,9.96147,24.9878,93,100,25,0,C12,"949-WPR3, Z=9, Corner offsets=[120,45],[-30,-60],[100,100],[-90,45]",3,12,2026-Mar-20 15:12:34,2.16828,0.233924,1.13424e-06,4.33657,0.862155,39.7621,0.397621,20.5884,1.01084,3.41276,--,33636,37037,1.3951,1.81666,2.5186,0.618442,0.000231469,4,3,--,--,--,--,--,,Protein,Sphere,1.584,0,,0,Globular Proteins,0.185,Sphere,0,,50,25,1000,Water,1.333,0.887484,Aqueous,3,254.444,508.888,9.66563e-09,1.43148e+06,3.88102,9.87503,0.0388102,4.75743,0.00716427,1.70015e-09,--,
37,,D1 ,,16:03:46,2026-03-20,2967,37,View,--,1.54761e+06,7.49856e+06,5,5,0,100,9.96147,24.9994,60.3101,52,25,0,D1,"949-WPR3, Z=9, Corner offsets=[120,45],[-30,-60],[100,100],[-90,45]",4,1,2026-Mar-20 15:12:34,19.674,0.209843,1.25044e-07,39.348,11.2298,57.0796,0.570796,3586.15,1.04688,791.248,--,0.000114097,6299.68,0.945547,51.374,202.718,3.92751,0.000361207,6,4,--,--,--,--,--,,Protein,Sphere,1.584,0,,0,Globular Proteins,0.185,Sphere,0,,50,25,1000,Water,1.333,0.887247,Aqueous,1,0.849307,1.69861,2.89662e-06,2.29723,29.8647,0.253643,0.298647,14.5006,99.7182,99.9998,--,
37,,D1 ,,16:03:46,2026-03-20,2967,37,View,--,1.54761e+06,7.49856e+06,5,5,0,100,9.96147,24.9994,60.3101,52,25,0,D1,"949-WPR3, Z=9, Corner offsets=[120,45],[-30,-60],[100,100],[-90,45]",4,1,2026-Mar-20 15:12:34,19.674,0.209843,1.25044e-07,39.348,11.2298,57.0796,0.570796,3586.15,1.04688,791.248,--,0.000114097,6299.68,0.945547,51.374,202.718,3.92751,0.000361207,6,4,--,--,--,--,--,,Protein,Sphere,1.584,0,,0,Globular Proteins,0.185,Sphere,0,,50,25,1000,Water,1.333,0.887247,Aqueous,2,6.35336,12.7067,3.87215e-07,254.71,16.5046,1.0486,0.165046,25.4807,0.259493,0.000182084,--,
37,,D1 ,,16:03:46,2026-03-20,2967,37,View,--,1.54761e+06,7.49856e+06,5,5,0,100,9.96147,24.9994,60.3101,52,25,0,D1,"949-WPR3, Z=9, Corner offsets=[120,45],[-30,-60],[100,100],[-90,45]",4,1,2026-Mar-20 15:12:34,19.674,0.209843,1.25044e-07,39.348,11.2298,57.0796,0.570796,3586.15,1.04688,791.248,--,0.000114097,6299.68,0.945547,51.374,202.718,3.92751,0.000361207,6,4,--,--,--,--,--,,Protein,Sphere,1.584,0,,0,Globular Proteins,0.185,Sphere,0,,50,25,1000,Water,1.333,0.887247,Aqueous,3,59.2748,118.55,4.15036e-08,47352.2,14.8549,8.80522,0.148549,34.1908,0.00135023,9.11852e-10,--,
37,,D1 ,,16:03:46,2026-03-20,2967,37,View,--,1.54761e+06,7.49856e+06,5,5,0,100,9.96147,24.9994,60.3101,52,25,0,D1,"949-WPR3, Z=9, Corner offsets=[120,45],[-30,-60],[100,100],[-90,45]",4,1,2026-Mar-20 15:12:34,19.674,0.209843,1.25044e-07,39.348,11.2298,57.0796,0.570796,3586.15,1.04688,791.248,--,0.000114097,6299.68,0.945547,51.374,202.718,3.92751,0.000361207,6,4,--,--,--,--,--,,Protein,Sphere,1.584,0,,0,Globular Proteins,0.185,Sphere,0,,50,25,1000,Water,1.333,0.887247,Aqueous,4,204.066,408.133,1.20555e-08,854243,10.7216,21.8791,0.107216,25.8278,0.0209201,3.49863e-10,--,
38,,D2 ,,16:05:06,2026-03-20,3047,38,View,--,1.06535e+06,1.38631e+07,5,5,0,100,9.96147,25.0048,61.576,20,25,0,D2,"949-WPR3, Z=9, Corner offsets=[120,45],[-30,-60],[100,100],[-90,45]",4,2,2026-Mar-20 15:12:34,20.399,0.24498,1.20617e-07,40.7979,11.6437,57.0796,0.570796,3903.02,1.06572,958.815,--,0.000158011,6076.65,0.827124,43.9156,193.3,4.38279,0.000548505,5,4,--,--,--,--,--,,Protein,Sphere,1.584,0,,0,Globular Proteins,0.185,Sphere,0,,50,25,1000,Water,1.333,0.887138,Aqueous,1,0.787352,1.5747,3.12499e-06,1.92413,9.57285,0.075372,0.0957285,12.2417,99.3564,99.9985,--,
38,,D2 ,,16:05:06,2026-03-20,3047,38,View,--,1.06535e+06,1.38631e+07,5,5,0,100,9.96147,25.0048,61.576,20,25,0,D2,"949-WPR3, Z=9, Corner offsets=[120,45],[-30,-60],[100,100],[-90,45]",4,2,2026-Mar-20 15:12:34,20.399,0.24498,1.20617e-07,40.7979,11.6437,57.0796,0.570796,3903.02,1.06572,958.815,--,0.000158011,6076.65,0.827124,43.9156,193.3,4.38279,0.000548505,5,4,--,--,--,--,--,,Protein,Sphere,1.584,0,,0,Globular Proteins,0.185,Sphere,0,,50,25,1000,Water,1.333,0.887138,Aqueous,2,5.73319,11.4664,4.29162e-07,200.297,8.91251,0.510971,0.0891251,27.3494,0.576625,0.00147731,--,
38,,D2 ,,16:05:06,2026-03-20,3047,38,View,--,1.06535e+06,1.38631e+07,5,5,0,100,9.96147,25.0048,61.576,20,25,0,D2,"949-WPR3, Z=9, Corner offsets=[120,45],[-30,-60],[100,100],[-90,45]",4,2,2026-Mar-20 15:12:34,20.399,0.24498,1.20617e-07,40.7979,11.6437,57.0796,0.570796,3903.02,1.06572,958.815,--,0.000158011,6076.65,0.827124,43.9156,193.3,4.38279,0.000548505,5,4,--,--,--,--,--,,Protein,Sphere,1.584,0,,0,Globular Proteins,0.185,Sphere,0,,50,25,1000,Water,1.333,0.887138,Aqueous,3,47.9524,95.9048,5.13106e-08,28836.3,8.01686,3.84428,0.0801686,33.0642,0.00251518,1.04275e-08,--,
38,,D2 ,,16:05:06,2026-03-20,3047,38,View,--,1.06535e+06,1.38631e+07,5,5,0,100,9.96147,25.0048,61.576,20,25,0,D2,"949-WPR3, Z=9, Corner offsets=[120,45],[-30,-60],[100,100],[-90,45]",4,2,2026-Mar-20 15:12:34,20.399,0.24498,1.20617e-07,40.7979,11.6437,57.0796,0.570796,3903.02,1.06572,958.815,--,0.000158011,6076.65,0.827124,43.9156,193.3,4.38279,0.000548505,5,4,--,--,--,--,--,,Protein,Sphere,1.584,0,,0,Globular Proteins,0.185,Sphere,0,,50,25,1000,Water,1.333,0.887138,Aqueous,4,196.086,392.172,1.25479e-08,778120,5.79071,11.3548,0.0579071,27.3447,0.0645046,3.89556e-09,--,
39,,D3 ,,16:06:16,2026-03-20,3117,39,View,--,1.51066e+06,1.42291e+07,5,5,0,100,9.96147,25.0061,46.9168,20,25,0,D3,"949-WPR3, Z=9, Corner offsets=[120,45],[-30,-60],[100,100],[-90,45]",4,3,2026-Mar-20 15:12:34,96.9715,0.163461,2.53739e-08,193.943,55.351,57.0796,0.570796,149806,1.04744,129.436,--,2.01003e-06,1278.33,24.1743,96.8219,106.737,0.852723,0.000830045,4,3,--,--,--,--,--,,Protein,Sphere,1.584,0,,0,Globular Proteins,0.185,Sphere,0,,50,25,1000,Water,1.333,0.887112,Aqueous,1,0.929215,1.85843,2.64799e-06,2.83516,6.81511,0.063327,0.0681511,9.44627,99.6778,100,--,
39,,D3 ,,16:06:16,2026-03-20,3117,39,View,--,1.51066e+06,1.42291e+07,5,5,0,100,9.96147,25.0061,46.9168,20,25,0,D3,"949-WPR3, Z=9, Corner offsets=[120,45],[-30,-60],[100,100],[-90,45]",4,3,2026-Mar-20 15:12:34,96.9715,0.163461,2.53739e-08,193.943,55.351,57.0796,0.570796,149806,1.04744,129.436,--,2.01003e-06,1278.33,24.1743,96.8219,106.737,0.852723,0.000830045,4,3,--,--,--,--,--,,Protein,Sphere,1.584,0,,0,Globular Proteins,0.185,Sphere,0,,50,25,1000,Water,1.333,0.887112,Aqueous,2,25.8364,51.6729,9.52356e-08,6784.54,1.58326,0.409059,0.0158326,2.84722,0.00169209,7.39033e-08,--,
39,,D3 ,,16:06:16,2026-03-20,3117,39,View,--,1.51066e+06,1.42291e+07,5,5,0,100,9.96147,25.0061,46.9168,20,25,0,D3,"949-WPR3, Z=9, Corner offsets=[120,45],[-30,-60],[100,100],[-90,45]",4,3,2026-Mar-20 15:12:34,96.9715,0.163461,2.53739e-08,193.943,55.351,57.0796,0.570796,149806,1.04744,129.436,--,2.01003e-06,1278.33,24.1743,96.8219,106.737,0.852723,0.000830045,4,3,--,--,--,--,--,,Protein,Sphere,1.584,0,,0,Globular Proteins,0.185,Sphere,0,,50,25,1000,Water,1.333,0.887112,Aqueous,3,102.226,204.452,2.40697e-08,169492,6.33121,6.47214,0.0633121,87.7065,0.320529,1.94891e-07,--,
40,,D4 ,,16:07:33,2026-03-20,3194,40,View,--,1.36369e+06,1.25831e+07,5,5,0,100,9.96147,25.0068,56.6502,25,25,0,D4,"949-WPR3, Z=9, Corner offsets=[120,45],[-30,-60],[100,100],[-90,45]",4,4,2026-Mar-20 15:12:34,112.325,0.130832,2.1906e-08,224.65,64.1147,57.0796,0.570796,211292,1.05231,118.088,--,3.24064e-09,1103.62,0.936096,124.697,135.564,1.07964,0.00104537,4,3,--,--,--,--,--,,Protein,Sphere,1.584,0,,0,Globular Proteins,0.185,Sphere,0,,50,25,1000,Water,1.333,0.887098,Aqueous,1,0.878115,1.75623,2.80213e-06,2.48371,4.26163,0.0374221,0.0426163,10.2491,99.956,100,--,
40,,D4 ,,16:07:33,2026-03-20,3194,40,View,--,1.36369e+06,1.25831e+07,5,5,0,100,9.96147,25.0068,56.6502,25,25,0,D4,"949-WPR3, Z=9, Corner offsets=[120,45],[-30,-60],[100,100],[-90,45]",4,4,2026-Mar-20 15:12:34,112.325,0.130832,2.1906e-08,224.65,64.1147,57.0796,0.570796,211292,1.05231,118.088,--,3.24064e-09,1103.62,0.936096,124.697,135.564,1.07964,0.00104537,4,3,--,--,--,--,--,,Protein,Sphere,1.584,0,,0,Globular Proteins,0.185,Sphere,0,,50,25,1000,Water,1.333,0.887098,Aqueous,2,44.7217,89.4434,5.50201e-08,24494.1,2.44715,1.09441,0.0244715,12.4664,0.00179312,1.33111e-08,--,
40,,D4 ,,16:07:33,2026-03-20,3194,40,View,--,1.36369e+06,1.25831e+07,5,5,0,100,9.96147,25.0068,56.6502,25,25,0,D4,"949-WPR3, Z=9, Corner offsets=[120,45],[-30,-60],[100,100],[-90,45]",4,4,2026-Mar-20 15:12:34,112.325,0.130832,2.1906e-08,224.65,64.1147,57.0796,0.570796,211292,1.05231,118.088,--,3.24064e-09,1103.62,0.936096,124.697,135.564,1.07964,0.00104537,4,3,--,--,--,--,--,,Protein,Sphere,1.584,0,,0,Globular Proteins,0.185,Sphere,0,,50,25,1000,Water,1.333,0.887098,Aqueous,3,132.941,265.883,1.85088e-08,313414,4.00358,5.32242,0.0400358,77.2845,0.0422124,1.24371e-08,--,
41,,D5 ,,16:08:40,2026-03-20,3261,41,View,--,1.84454e+06,1.84453e+08,5,5,0,100,9.96147,25.0051,95,20,25,0,D5,"949-WPR3, Z=9, Corner offsets=[120,45],[-30,-60],[100,100],[-90,45]",4,5,2026-Mar-20 15:12:34,1944.69,0.107346,1.26523e-09,3889.38,6.25093e-07,3.21435e-08,3.21435e-10,1.6689e+08,1.00172,3.22822,--,50.8587,0.000911825,1822.22,1936.55,2071.16,0.128548,0.000893579,2,1,--,--,--,--,--,,Protein,Sphere,1.584,0,,0,Globular Proteins,0.185,Sphere,0,,50,25,1000,Water,1.333,0.887132,Aqueous,1,2020.4,4040.79,1.21782e-09,1.8249e+08,4.00418,80.9004,0.0400418,100,100,100,--,
42,,D6 ,,16:09:45,2026-03-20,3326,42,View,--,1.46598e+06,2.4433e+08,5,5,0,100,9.96147,25.003,94,10,25,0,D6,"949-WPR3, Z=9, Corner offsets=[120,45],[-30,-60],[100,100],[-90,45]",4,6,2026-Mar-20 15:12:34,2083.86,0.215033,1.18067e-09,4167.73,4.27267e-05,2.05036e-06,2.05036e-08,1.96187e+08,1.00092,48.8657,--,47.4594,0.00679575,1808.67,1869.17,1929.67,0.0647344,0.00282258,1,1,--,--,--,--,--,,Protein,Sphere,1.584,0,,0,Globular Proteins,0.185,Sphere,0,,50,25,1000,Water,1.333,0.887174,Aqueous,1,1944.92,3889.83,1.26502e-09,1.66936e+08,0.889696,17.3038,0.00889696,100,100,100,--,
43,,D7 ,,16:10:50,2026-03-20,3391,43,View,--,851231,4.25616e+06,5,5,0,100,9.96147,24.9985,0,20,25,0,D7,"949-WPR3, Z=9, Corner offsets=[120,45],[-30,-60],[100,100],[-90,45]",4,7,2026-Mar-20 15:12:34,1.33851,0.0445369,1.83791e-06,2.67702,0.764017,57.0796,0.570796,6.6596,1.00963,149.848,--,0.00583224,92593.1,605.982,828.483,1156.19,0.664114,0.00114268,2,1,--,--,--,--,--,,Protein,Sphere,1.584,0,,0,Globular Proteins,0.185,Sphere,0,,50,25,1000,Water,1.333,0.887266,Aqueous,1,891.534,1783.07,2.75935e-09,2.69098e+07,24.0863,214.737,0.240863,100,100,100,--,
44,,D8 ,,16:11:56,2026-03-20,3457,44,View,--,1.54711e+06,5.05757e+06,5,5,0,100,9.96147,24.993,12.6,35,25,0,D8,"949-WPR3, Z=9, Corner offsets=[120,45],[-30,-60],[100,100],[-90,45]",4,8,2026-Mar-20 15:12:34,244.274,0.0303289,1.00694e-08,488.547,139.431,57.0796,0.570796,1.30117e+06,1.00009,88.3673,--,4.73577e-06,507.295,0.39103,581.005,1104.77,1.90081,0.00262497,2,2,--,--,--,--,--,,Protein,Sphere,1.584,0,,0,Globular Proteins,0.185,Sphere,0,,50,25,1000,Water,1.333,0.887378,Aqueous,1,0.531177,1.06235,4.63066e-06,0.766114,48.2867,0.256488,0.482867,27.2413,99.9978,100,--,
44,,D8 ,,16:11:56,2026-03-20,3457,44,View,--,1.54711e+06,5.05757e+06,5,5,0,100,9.96147,24.993,12.6,35,25,0,D8,"949-WPR3, Z=9, Corner offsets=[120,45],[-30,-60],[100,100],[-90,45]",4,8,2026-Mar-20 15:12:34,244.274,0.0303289,1.00694e-08,488.547,139.431,57.0796,0.570796,1.30117e+06,1.00009,88.3673,--,4.73577e-06,507.295,0.39103,581.005,1104.77,1.90081,0.00262497,2,2,--,--,--,--,--,,Protein,Sphere,1.584,0,,0,Globular Proteins,0.185,Sphere,0,,50,25,1000,Water,1.333,0.887378,Aqueous,2,796.549,1593.1,3.08794e-09,2.06746e+07,37.1974,296.296,0.371974,72.7587,0.00222569,4.8964e-15,--,
45,,D9 ,,16:13:14,2026-03-20,3535,45,View,--,1.13523e+06,5.51081e+06,5,5,0,100,9.96147,24.9874,79.4,100,25,0,D9,"949-WPR3, Z=9, Corner offsets=[120,45],[-30,-60],[100,100],[-90,45]",4,9,2026-Mar-20 15:12:34,334.478,0.11704,7.35277e-09,668.957,190.919,57.0796,0.570796,2.71453e+06,1.10197,1763.52,--,1.85637e-05,370.43,0.587162,3.33017,944.335,283.393,0.00106773,5,3,--,--,--,--,--,,Protein,Sphere,1.584,0,,0,Globular Proteins,0.185,Sphere,0,,50,25,1000,Water,1.333,0.887492,Aqueous,1,0.74873,1.49746,3.28468e-06,1.71051,22.2519,0.166606,0.222519,42.4695,99.7587,99.9984,--,
45,,D9 ,,16:13:14,2026-03-20,3535,45,View,--,1.13523e+06,5.51081e+06,5,5,0,100,9.96147,24.9874,79.4,100,25,0,D9,"949-WPR3, Z=9, Corner offsets=[120,45],[-30,-60],[100,100],[-90,45]",4,9,2026-Mar-20 15:12:34,334.478,0.11704,7.35277e-09,668.957,190.919,57.0796,0.570796,2.71453e+06,1.10197,1763.52,--,1.85637e-05,370.43,0.587162,3.33017,944.335,283.393,0.00106773,5,3,--,--,--,--,--,,Protein,Sphere,1.584,0,,0,Globular Proteins,0.185,Sphere,0,,50,25,1000,Water,1.333,0.887492,Aqueous,2,3.20458,6.40915,7.67446e-07,51.3548,8.91394,0.285654,0.0891394,9.56539,0.222806,0.00157082,--,
45,,D9 ,,16:13:14,2026-03-20,3535,45,View,--,1.13523e+06,5.51081e+06,5,5,0,100,9.96147,24.9874,79.4,100,25,0,D9,"949-WPR3, Z=9, Corner offsets=[120,45],[-30,-60],[100,100],[-90,45]",4,9,2026-Mar-20 15:12:34,334.478,0.11704,7.35277e-09,668.957,190.919,57.0796,0.570796,2.71453e+06,1.10197,1763.52,--,1.85637e-05,370.43,0.587162,3.33017,944.335,283.393,0.00106773,5,3,--,--,--,--,--,,Protein,Sphere,1.584,0,,0,Globular Proteins,0.185,Sphere,0,,50,25,1000,Water,1.333,0.887492,Aqueous,3,903.142,1806.28,2.7231e-09,2.77368e+07,10.4021,93.9457,0.104021,47.9651,0.0184817,5.32325e-12,--,
46,,D10 ,,16:15:07,2026-03-20,3648,46,View,--,806778,4.03394e+09,5,5,0,100,9.96147,24.9969,99.9,20,25,0,D10,"949-WPR3, Z=9, Corner offsets=[120,45],[-30,-60],[100,100],[-90,45]",4,10,2026-Mar-20 15:12:34,59.7735,0.384731,4.11546e-08,119.547,17.9505,30.0308,0.300308,48289.6,1.00001,0.96925,--,1491.34,1044.72,32.5466,60.1737,155.361,2.041,0.000592418,4,2,--,--,--,--,--,,Protein,Sphere,1.584,0,,0,Globular Proteins,0.185,Sphere,0,,50,25,1000,Water,1.333,0.887298,Aqueous,1,68.1257,136.251,3.61091e-08,65578.2,51.1027,34.8141,0.511027,92.2416,76.76,99.8997,--,
46,,D10 ,,16:15:07,2026-03-20,3648,46,View,--,806778,4.03394e+09,5,5,0,100,9.96147,24.9969,99.9,20,25,0,D10,"949-WPR3, Z=9, Corner offsets=[120,45],[-30,-60],[100,100],[-90,45]",4,10,2026-Mar-20 15:12:34,59.7735,0.384731,4.11546e-08,119.547,17.9505,30.0308,0.300308,48289.6,1.00001,0.96925,--,1491.34,1044.72,32.5466,60.1737,155.361,2.041,0.000592418,4,2,--,--,--,--,--,,Protein,Sphere,1.584,0,,0,Globular Proteins,0.185,Sphere,0,,50,25,1000,Water,1.333,0.887298,Aqueous,2,432.04,864.079,5.69382e-09,4.94056e+06,29.0167,125.363,0.290167,7.75838,23.24,0.10034,--,
47,,D11 ,,16:16:14,2026-03-20,3715,47,View,--,1.51315e+06,1.26096e+08,5,5,0,100,9.96147,24.9986,94,20,25,0,D11,"949-WPR3, Z=9, Corner offsets=[120,45],[-30,-60],[100,100],[-90,45]",4,11,2026-Mar-20 15:12:34,569.272,0.0691404,4.32142e-09,1138.54,324.938,57.0796,0.570796,9.42054e+06,1.00546,33.6686,--,3.3162e-06,217.712,45.4302,974.714,5555.4,5.65291,0.000545834,4,3,--,--,--,--,--,,Protein,Sphere,1.584,0,,0,Globular Proteins,0.185,Sphere,0,,50,25,1000,Water,1.333,0.887263,Aqueous,1,47.7267,95.4534,5.15449e-08,28519.7,3.61476,1.72521,0.0361476,27.5707,0.545289,99.452,--,
47,,D11 ,,16:16:14,2026-03-20,3715,47,View,--,1.51315e+06,1.26096e+08,5,5,0,100,9.96147,24.9986,94,20,25,0,D11,"949-WPR3, Z=9, Corner offsets=[120,45],[-30,-60],[100,100],[-90,45]",4,11,2026-Mar-20 15:12:34,569.272,0.0691404,4.32142e-09,1138.54,324.938,57.0796,0.570796,9.42054e+06,1.00546,33.6686,--,3.3162e-06,217.712,45.4302,974.714,5555.4,5.65291,0.000545834,4,3,--,--,--,--,--,,Protein,Sphere,1.584,0,,0,Globular Proteins,0.185,Sphere,0,,50,25,1000,Water,1.333,0.887263,Aqueous,2,1063.45,2126.91,2.31328e-09,4.06532e+07,15.6197,166.109,0.156197,51.2308,31.003,0.540069,--,
47,,D11 ,,16:16:14,2026-03-20,3715,47,View,--,1.51315e+06,1.26096e+08,5,5,0,100,9.96147,24.9986,94,20,25,0,D11,"949-WPR3, Z=9, Corner offsets=[120,45],[-30,-60],[100,100],[-90,45]",4,11,2026-Mar-20 15:12:34,569.272,0.0691404,4.32142e-09,1138.54,324.938,57.0796,0.570796,9.42054e+06,1.00546,33.6686,--,3.3162e-06,217.712,45.4302,974.714,5555.4,5.65291,0.000545834,4,3,--,--,--,--,--,,Protein,Sphere,1.584,0,,0,Globular Proteins,0.185,Sphere,0,,50,25,1000,Water,1.333,0.887263,Aqueous,3,5895.02,11790,4.17313e-10,2.23542e+09,26.0499,1535.65,0.260499,21.1985,68.4517,0.00797094,--,
48,,D12 ,,16:17:19,2026-03-20,3780,48,View,--,1.41134e+06,1.21667e+08,5,5,0,100,9.96147,24.9952,94.2,20,25,0,D12,"949-WPR3, Z=9, Corner offsets=[120,45],[-30,-60],[100,100],[-90,45]",4,12,2026-Mar-20 15:12:34,808.598,0.0476522,3.04211e-09,1617.2,461.545,57.0796,0.570796,2.14137e+07,1.00823,17.6405,--,3.25312e-07,153.26,96.5309,3638.23,4304.19,1.15651,0.000779695,2,2,--,--,--,--,--,,Protein,Sphere,1.584,0,,0,Globular Proteins,0.185,Sphere,0,,50,25,1000,Water,1.333,0.887333,Aqueous,1,104.312,208.623,2.35817e-08,177694,4.00217,4.17472,0.0400217,37.6343,12.8127,99.9877,--,
48,,D12 ,,16:17:19,2026-03-20,3780,48,View,--,1.41134e+06,1.21667e+08,5,5,0,100,9.96147,24.9952,94.2,20,25,0,D12,"949-WPR3, Z=9, Corner offsets=[120,45],[-30,-60],[100,100],[-90,45]",4,12,2026-Mar-20 15:12:34,808.598,0.0476522,3.04211e-09,1617.2,461.545,57.0796,0.570796,2.14137e+07,1.00823,17.6405,--,3.25312e-07,153.26,96.5309,3638.23,4304.19,1.15651,0.000779695,2,2,--,--,--,--,--,,Protein,Sphere,1.584,0,,0,Globular Proteins,0.185,Sphere,0,,50,25,1000,Water,1.333,0.887333,Aqueous,2,4110.89,8221.79,5.98372e-10,9.61759e+08,8.1974,336.986,0.081974,62.3657,87.1873,0.0123414,--,
49,,E1 ,,16:18:32,2026-03-20,3853,49,View,--,896966,7.17573e+07,5,5,0,100,9.96147,24.9966,95,25,25,0,E1,"949-WPR3, Z=9, Corner offsets=[120,45],[-30,-60],[100,100],[-90,45]",5,1,2026-Mar-20 15:12:34,10.8729,0.399784,2.26245e-07,21.7458,1.63691,15.0549,0.150549,895.401,1.00021,0.65516,--,9031.07,3609.37,8.021,10.8604,14.6811,0.613246,0.000326734,5,2,--,--,--,--,--,,Protein,Sphere,1.584,0,,0,Globular Proteins,0.185,Sphere,0,,50,25,1000,Water,1.333,0.887305,Aqueous,1,11.4833,22.9666,2.14218e-07,1017.47,21.7776,2.50079,0.217776,98.2541,99.2246,100,--,
49,,E1 ,,16:18:32,2026-03-20,3853,49,View,--,896966,7.17573e+07,5,5,0,100,9.96147,24.9966,95,25,25,0,E1,"949-WPR3, Z=9, Corner offsets=[120,45],[-30,-60],[100,100],[-90,45]",5,1,2026-Mar-20 15:12:34,10.8729,0.399784,2.26245e-07,21.7458,1.63691,15.0549,0.150549,895.401,1.00021,0.65516,--,9031.07,3609.37,8.021,10.8604,14.6811,0.613246,0.000326734,5,2,--,--,--,--,--,,Protein,Sphere,1.584,0,,0,Globular Proteins,0.185,Sphere,0,,50,25,1000,Water,1.333,0.887305,Aqueous,2,628.836,1257.67,3.91188e-09,1.18904e+07,11.8832,74.7259,0.118832,1.74593,0.775427,2.65145e-06,--,
50,,E2 ,,16:19:39,2026-03-20,3920,50,View,--,1.58826e+06,9.07577e+07,5,5,0,100,9.96147,25.0021,93,25,25,0,E2,"949-WPR3, Z=9, Corner offsets=[120,45],[-30,-60],[100,100],[-90,45]",5,2,2026-Mar-20 15:12:34,11.4303,0.412894,2.15242e-07,22.8607,1.18138,10.3355,0.103355,1006.53,0.999901,0.52366,--,8642.72,2796.15,8.93288,11.9601,15.5392,0.552366,0.000233338,3,2,--,--,--,--,--,,Protein,Sphere,1.584,0,,0,Globular Proteins,0.185,Sphere,0,,50,25,1000,Water,1.333,0.887192,Aqueous,1,2.59965,5.1993,9.46393e-07,31.4773,7.3689,0.191566,0.073689,1.93855,64.3032,99.2381,--,
50,,E2 ,,16:19:39,2026-03-20,3920,50,View,--,1.58826e+06,9.07577e+07,5,5,0,100,9.96147,25.0021,93,25,25,0,E2,"949-WPR3, Z=9, Corner offsets=[120,45],[-30,-60],[100,100],[-90,45]",5,2,2026-Mar-20 15:12:34,11.4303,0.412894,2.15242e-07,22.8607,1.18138,10.3355,0.103355,1006.53,0.999901,0.52366,--,8642.72,2796.15,8.93288,11.9601,15.5392,0.552366,0.000233338,3,2,--,--,--,--,--,,Protein,Sphere,1.584,0,,0,Globular Proteins,0.185,Sphere,0,,50,25,1000,Water,1.333,0.887192,Aqueous,2,12.6858,25.3715,1.93941e-07,1284.46,19.6115,2.48787,0.196115,98.0614,35.6968,0.761901,--,
51,,E3 ,,16:20:45,2026-03-20,3986,51,View,--,1.14089e+06,1.05638e+08,5,5,0,100,9.96147,25.005,89.2,10,25,0,E3,"949-WPR3, Z=9, Corner offsets=[120,45],[-30,-60],[100,100],[-90,45]",5,3,2026-Mar-20 15:12:34,19.7621,0.468139,1.24505e-07,39.5242,2.87423,14.5442,0.145442,3623.84,0.999778,3.3307,--,4974.84,1947.45,17.7818,20.8765,24.184,0.306671,0.000380205,4,2,--,--,--,--,--,,Protein,Sphere,1.584,0,,0,Globular Proteins,0.185,Sphere,0,,50,25,1000,Water,1.333,0.887134,Aqueous,1,2.7532,5.50641,8.93678e-07,36.0008,4.57854,0.126057,0.0457854,2.28351,90.5613,99.9764,--,
51,,E3 ,,16:20:45,2026-03-20,3986,51,View,--,1.14089e+06,1.05638e+08,5,5,0,100,9.96147,25.005,89.2,10,25,0,E3,"949-WPR3, Z=9, Corner offsets=[120,45],[-30,-60],[100,100],[-90,45]",5,3,2026-Mar-20 15:12:34,19.7621,0.468139,1.24505e-07,39.5242,2.87423,14.5442,0.145442,3623.84,0.999778,3.3307,--,4974.84,1947.45,17.7818,20.8765,24.184,0.306671,0.000380205,4,2,--,--,--,--,--,,Protein,Sphere,1.584,0,,0,Globular Proteins,0.185,Sphere,0,,50,25,1000,Water,1.333,0.887134,Aqueous,2,21.8868,43.7736,1.12418e-07,4601.91,10.7082,2.34369,0.107082,97.7165,9.43868,0.0236085,--,
52,,E4 ,,16:21:52,2026-03-20,4053,52,View,--,1.25959e+06,1.16628e+08,5,5,0,100,9.96147,25.0061,89.2,10,25,0,E4,"949-WPR3, Z=9, Corner offsets=[120,45],[-30,-60],[100,100],[-90,45]",5,4,2026-Mar-20 15:12:34,17.9975,0.448728,1.36716e-07,35.9949,2.40328,13.3534,0.133534,2911.54,1.00002,2.11281,--,5473.42,2038.35,15.9325,18.2554,21.0536,0.280526,0.000436945,5,3,--,--,--,--,--,,Protein,Sphere,1.584,0,,0,Globular Proteins,0.185,Sphere,0,,50,25,1000,Water,1.333,0.887111,Aqueous,1,2.37379,4.74759,1.03655e-06,25.4472,3.36379,0.0798495,0.0336379,1.64521,87.3618,99.9712,--,
52,,E4 ,,16:21:52,2026-03-20,4053,52,View,--,1.25959e+06,1.16628e+08,5,5,0,100,9.96147,25.0061,89.2,10,25,0,E4,"949-WPR3, Z=9, Corner offsets=[120,45],[-30,-60],[100,100],[-90,45]",5,4,2026-Mar-20 15:12:34,17.9975,0.448728,1.36716e-07,35.9949,2.40328,13.3534,0.133534,2911.54,1.00002,2.11281,--,5473.42,2038.35,15.9325,18.2554,21.0536,0.280526,0.000436945,5,3,--,--,--,--,--,,Protein,Sphere,1.584,0,,0,Globular Proteins,0.185,Sphere,0,,50,25,1000,Water,1.333,0.887111,Aqueous,2,19.0845,38.169,1.28929e-07,3339.76,9.70968,1.85304,0.0970968,96.9866,11.645,0.0288448,--,
52,,E4 ,,16:21:52,2026-03-20,4053,52,View,--,1.25959e+06,1.16628e+08,5,5,0,100,9.96147,25.0061,89.2,10,25,0,E4,"949-WPR3, Z=9, Corner offsets=[120,45],[-30,-60],[100,100],[-90,45]",5,4,2026-Mar-20 15:12:34,17.9975,0.448728,1.36716e-07,35.9949,2.40328,13.3534,0.133534,2911.54,1.00002,2.11281,--,5473.42,2038.35,15.9325,18.2554,21.0536,0.280526,0.000436945,5,3,--,--,--,--,--,,Protein,Sphere,1.584,0,,0,Globular Proteins,0.185,Sphere,0,,50,25,1000,Water,1.333,0.887111,Aqueous,3,1865.56,3731.11,1.31894e-09,1.51431e+08,9.73282,181.571,0.0973282,1.36815,0.993265,2.39923e-09,--,
53,,E5 ,,16:22:59,2026-03-20,4120,53,View,--,901042,8.34521e+06,5,5,0,100,9.96147,25.0056,46.0144,20,25,0,E5,"949-WPR3, Z=9, Corner offsets=[120,45],[-30,-60],[100,100],[-90,45]",5,5,2026-Mar-20 15:12:34,5.6079,0.110809,4.38758e-07,11.2158,3.20097,57.0796,0.570796,190.205,1.06053,2070.37,--,0.000295109,22104.5,0.586897,31.6948,185.591,5.83704,0.000779287,4,3,--,--,--,--,--,,Protein,Sphere,1.584,0,,0,Globular Proteins,0.185,Sphere,0,,50,25,1000,Water,1.333,0.887123,Aqueous,1,0.664563,1.32913,3.70245e-06,1.29404,12.2073,0.0811248,0.122073,35.5018,99.9714,100,--,
53,,E5 ,,16:22:59,2026-03-20,4120,53,View,--,901042,8.34521e+06,5,5,0,100,9.96147,25.0056,46.0144,20,25,0,E5,"949-WPR3, Z=9, Corner offsets=[120,45],[-30,-60],[100,100],[-90,45]",5,5,2026-Mar-20 15:12:34,5.6079,0.110809,4.38758e-07,11.2158,3.20097,57.0796,0.570796,190.205,1.06053,2070.37,--,0.000295109,22104.5,0.586897,31.6948,185.591,5.83704,0.000779287,4,3,--,--,--,--,--,,Protein,Sphere,1.584,0,,0,Globular Proteins,0.185,Sphere,0,,50,25,1000,Water,1.333,0.887123,Aqueous,2,31.6206,63.2412,7.78137e-08,10884.5,3.96196,1.25279,0.0396196,18.8514,0.000629444,4.74674e-09,--,
53,,E5 ,,16:22:59,2026-03-20,4120,53,View,--,901042,8.34521e+06,5,5,0,100,9.96147,25.0056,46.0144,20,25,0,E5,"949-WPR3, Z=9, Corner offsets=[120,45],[-30,-60],[100,100],[-90,45]",5,5,2026-Mar-20 15:12:34,5.6079,0.110809,4.38758e-07,11.2158,3.20097,57.0796,0.570796,190.205,1.06053,2070.37,--,0.000295109,22104.5,0.586897,31.6948,185.591,5.83704,0.000779287,4,3,--,--,--,--,--,,Protein,Sphere,1.584,0,,0,Globular Proteins,0.185,Sphere,0,,50,25,1000,Water,1.333,0.887123,Aqueous,3,185.333,370.666,1.32762e-08,681920,3.79795,7.03884,0.0379795,45.6467,0.0279615,9.56919e-10,--,
54,,E6 ,,16:24:14,2026-03-20,4195,54,View,--,1.0888e+06,1.1345e+07,5,5,0,100,9.96147,25.0056,52.0144,20,25,0,E6,"949-WPR3, Z=9, Corner offsets=[120,45],[-30,-60],[100,100],[-90,45]",5,6,2026-Mar-20 15:12:34,6.67085,0.0721737,3.68846e-07,13.3417,3.80769,57.0796,0.570796,285.494,1.02316,931.33,--,0.000112569,18582.3,0.610189,40.9874,311.403,7.58265,0.000606182,5,3,--,--,--,--,--,,Protein,Sphere,1.584,0,,0,Globular Proteins,0.185,Sphere,0,,50,25,1000,Water,1.333,0.887123,Aqueous,1,0.686362,1.37272,3.58486e-06,1.39555,13.3434,0.0915843,0.133434,31.8375,99.992,100,--,
54,,E6 ,,16:24:14,2026-03-20,4195,54,View,--,1.0888e+06,1.1345e+07,5,5,0,100,9.96147,25.0056,52.0144,20,25,0,E6,"949-WPR3, Z=9, Corner offsets=[120,45],[-30,-60],[100,100],[-90,45]",5,6,2026-Mar-20 15:12:34,6.67085,0.0721737,3.68846e-07,13.3417,3.80769,57.0796,0.570796,285.494,1.02316,931.33,--,0.000112569,18582.3,0.610189,40.9874,311.403,7.58265,0.000606182,5,3,--,--,--,--,--,,Protein,Sphere,1.584,0,,0,Globular Proteins,0.185,Sphere,0,,50,25,1000,Water,1.333,0.887123,Aqueous,2,41.1634,82.3267,5.97744e-08,20174.9,5.63594,2.31994,0.0563594,25.0437,0.000583314,2.12961e-09,--,
54,,E6 ,,16:24:14,2026-03-20,4195,54,View,--,1.0888e+06,1.1345e+07,5,5,0,100,9.96147,25.0056,52.0144,20,25,0,E6,"949-WPR3, Z=9, Corner offsets=[120,45],[-30,-60],[100,100],[-90,45]",5,6,2026-Mar-20 15:12:34,6.67085,0.0721737,3.68846e-07,13.3417,3.80769,57.0796,0.570796,285.494,1.02316,931.33,--,0.000112569,18582.3,0.610189,40.9874,311.403,7.58265,0.000606182,5,3,--,--,--,--,--,,Protein,Sphere,1.584,0,,0,Globular Proteins,0.185,Sphere,0,,50,25,1000,Water,1.333,0.887123,Aqueous,3,308.775,617.55,7.96863e-09,2.25135e+06,5.80973,17.939,0.0580973,43.1188,0.00737379,6.55571e-11,--,
55,,E7 ,,16:25:23,2026-03-20,4264,55,View,--,1.07373e+06,1.40468e+07,5,5,0,100,9.96147,24.9958,92.2,98,25,0,E7,"949-WPR3, Z=9, Corner offsets=[120,45],[-30,-60],[100,100],[-90,45]",5,7,2026-Mar-20 15:12:34,13.7956,0.0852994,1.78309e-07,27.5913,7.8745,57.0796,0.570796,1562.95,1.04697,1143.38,--,0.000147844,8983.12,0.87064,44.9499,433.143,9.61675,0.000594488,5,3,--,--,--,--,--,,Protein,Sphere,1.584,0,,0,Globular Proteins,0.185,Sphere,0,,50,25,1000,Water,1.333,0.887322,Aqueous,1,0.933056,1.86611,2.63637e-06,2.86265,9.12781,0.0851676,0.0912781,25.4053,99.943,100,--,
55,,E7 ,,16:25:23,2026-03-20,4264,55,View,--,1.07373e+06,1.40468e+07,5,5,0,100,9.96147,24.9958,92.2,98,25,0,E7,"949-WPR3, Z=9, Corner offsets=[120,45],[-30,-60],[100,100],[-90,45]",5,7,2026-Mar-20 15:12:34,13.7956,0.0852994,1.78309e-07,27.5913,7.8745,57.0796,0.570796,1562.95,1.04697,1143.38,--,0.000147844,8983.12,0.87064,44.9499,433.143,9.61675,0.000594488,5,3,--,--,--,--,--,,Protein,Sphere,1.584,0,,0,Globular Proteins,0.185,Sphere,0,,50,25,1000,Water,1.333,0.887322,Aqueous,2,45.8127,91.6254,5.36943e-08,25915.1,4.42037,2.02509,0.0442037,34.6026,0.00223952,1.69831e-08,--,
55,,E7 ,,16:25:23,2026-03-20,4264,55,View,--,1.07373e+06,1.40468e+07,5,5,0,100,9.96147,24.9958,92.2,98,25,0,E7,"949-WPR3, Z=9, Corner offsets=[120,45],[-30,-60],[100,100],[-90,45]",5,7,2026-Mar-20 15:12:34,13.7956,0.0852994,1.78309e-07,27.5913,7.8745,57.0796,0.570796,1562.95,1.04697,1143.38,--,0.000147844,8983.12,0.87064,44.9499,433.143,9.61675,0.000594488,5,3,--,--,--,--,--,,Protein,Sphere,1.584,0,,0,Globular Proteins,0.185,Sphere,0,,50,25,1000,Water,1.333,0.887322,Aqueous,3,436.133,872.266,5.64021e-09,5.05078e+06,3.82108,16.665,0.0382108,39.9921,0.0547442,4.96862e-10,--,
56,,E8 ,,16:26:41,2026-03-20,4342,56,View,--,1.28959e+06,9.56666e+06,5,5,0,100,9.96147,24.9913,86.52,100,25,0,E8,"949-WPR3, Z=9, Corner offsets=[120,45],[-30,-60],[100,100],[-90,45]",5,8,2026-Mar-20 15:12:34,33.7059,0.172214,7.29721e-08,67.4118,19.2392,57.0796,0.570796,12638.8,1.07293,2005.21,--,0.000123268,3676.31,0.637503,72.975,446.934,6.11574,0.000550124,5,4,--,--,--,--,--,,Protein,Sphere,1.584,0,,0,Globular Proteins,0.185,Sphere,0,,50,25,1000,Water,1.333,0.887413,Aqueous,1,0.67807,1.35614,3.62734e-06,1.35642,13.2455,0.0898136,0.132455,21.9689,99.9127,99.9998,--,
56,,E8 ,,16:26:41,2026-03-20,4342,56,View,--,1.28959e+06,9.56666e+06,5,5,0,100,9.96147,24.9913,86.52,100,25,0,E8,"949-WPR3, Z=9, Corner offsets=[120,45],[-30,-60],[100,100],[-90,45]",5,8,2026-Mar-20 15:12:34,33.7059,0.172214,7.29721e-08,67.4118,19.2392,57.0796,0.570796,12638.8,1.07293,2005.21,--,0.000123268,3676.31,0.637503,72.975,446.934,6.11574,0.000550124,5,4,--,--,--,--,--,,Protein,Sphere,1.584,0,,0,Globular Proteins,0.185,Sphere,0,,50,25,1000,Water,1.333,0.887413,Aqueous,2,4.72569,9.45137,5.20472e-07,127.436,5.37746,0.254122,0.0537746,5.67773,0.0702114,0.000166336,--,
56,,E8 ,,16:26:41,2026-03-20,4342,56,View,--,1.28959e+06,9.56666e+06,5,5,0,100,9.96147,24.9913,86.52,100,25,0,E8,"949-WPR3, Z=9, Corner offsets=[120,45],[-30,-60],[100,100],[-90,45]",5,8,2026-Mar-20 15:12:34,33.7059,0.172214,7.29721e-08,67.4118,19.2392,57.0796,0.570796,12638.8,1.07293,2005.21,--,0.000123268,3676.31,0.637503,72.975,446.934,6.11574,0.000550124,5,4,--,--,--,--,--,,Protein,Sphere,1.584,0,,0,Globular Proteins,0.185,Sphere,0,,50,25,1000,Water,1.333,0.887413,Aqueous,3,74.2767,148.553,3.31139e-08,80278.6,5.32689,3.95664,0.0532689,34.4702,0.00088126,5.16087e-10,--,
56,,E8 ,,16:26:41,2026-03-20,4342,56,View,--,1.28959e+06,9.56666e+06,5,5,0,100,9.96147,24.9913,86.52,100,25,0,E8,"949-WPR3, Z=9, Corner offsets=[120,45],[-30,-60],[100,100],[-90,45]",5,8,2026-Mar-20 15:12:34,33.7059,0.172214,7.29721e-08,67.4118,19.2392,57.0796,0.570796,12638.8,1.07293,2005.21,--,0.000123268,3676.31,0.637503,72.975,446.934,6.11574,0.000550124,5,4,--,--,--,--,--,,Protein,Sphere,1.584,0,,0,Globular Proteins,0.185,Sphere,0,,50,25,1000,Water,1.333,0.887413,Aqueous,4,449.061,898.121,5.47719e-09,5.40806e+06,4.43029,19.8947,0.0443029,37.8831,0.0162099,4.61412e-11,--,
57,,E9 ,,16:28:02,2026-03-20,4423,57,View,--,1.79505e+06,4.5606e+07,5,5,0,100,9.96147,24.9942,60.64,10,25,0,E9,"949-WPR3, Z=9, Corner offsets=[120,45],[-30,-60],[100,100],[-90,45]",5,9,2026-Mar-20 15:12:34,9.41996,0.27999,2.61124e-07,18.8399,0.952264,10.109,0.10109,640.116,1.00041,0.264372,--,10486.4,3353.1,7.49796,8.89561,10.5094,0.338531,0.000274348,3,1,--,--,--,--,--,,Protein,Sphere,1.584,0,,0,Globular Proteins,0.185,Sphere,0,,50,25,1000,Water,1.333,0.887353,Aqueous,1,9.3173,18.6346,2.64001e-07,623.913,12.2638,1.14266,0.122638,100,100,100,--,
58,,E10 ,,16:29:08,2026-03-20,4489,58,View,--,1.35487e+06,4.95202e+07,5,5,0,100,9.96147,24.9927,72.64,10,25,0,E10,"949-WPR3, Z=9, Corner offsets=[120,45],[-30,-60],[100,100],[-90,45]",5,10,2026-Mar-20 15:12:34,9.67862,0.290903,2.54135e-07,19.3572,2.23197,23.0609,0.230609,682.002,1.00595,5.93627,--,9824.73,5296.94,7.55389,8.06473,8.73032,0.145873,0.000453876,4,2,--,--,--,--,--,,Protein,Sphere,1.584,0,,0,Globular Proteins,0.185,Sphere,0,,50,25,1000,Water,1.333,0.887385,Aqueous,1,8.34689,16.6938,2.94682e-07,482.35,3.83739,0.320303,0.0383739,93.8702,96.3595,100,--,
58,,E10 ,,16:29:08,2026-03-20,4489,58,View,--,1.35487e+06,4.95202e+07,5,5,0,100,9.96147,24.9927,72.64,10,25,0,E10,"949-WPR3, Z=9, Corner offsets=[120,45],[-30,-60],[100,100],[-90,45]",5,10,2026-Mar-20 15:12:34,9.67862,0.290903,2.54135e-07,19.3572,2.23197,23.0609,0.230609,682.002,1.00595,5.93627,--,9824.73,5296.94,7.55389,8.06473,8.73032,0.145873,0.000453876,4,2,--,--,--,--,--,,Protein,Sphere,1.584,0,,0,Globular Proteins,0.185,Sphere,0,,50,25,1000,Water,1.333,0.887385,Aqueous,2,1850.83,3701.66,1.32896e-09,1.48649e+08,4.64249,85.9244,0.0464249,6.12976,3.64047,3.4217e-07,--,
59,,E11 ,,16:30:13,2026-03-20,4554,59,View,--,1.50133e+06,1.73572e+07,5,5,0,100,9.96147,24.9942,56.752,20,25,0,E11,"949-WPR3, Z=9, Corner offsets=[120,45],[-30,-60],[100,100],[-90,45]",5,11,2026-Mar-20 15:12:34,891.855,0.0583411,2.75804e-09,1783.71,509.068,57.0796,0.570796,2.69326e+07,1.0853,92.2374,--,1.50919e-07,138.949,0.495637,610.186,671.031,1.0989,0.00215967,3,3,--,--,--,--,--,,Protein,Sphere,1.584,0,,0,Globular Proteins,0.185,Sphere,0,,50,25,1000,Water,1.333,0.887354,Aqueous,1,0.528193,1.05639,4.65697e-06,0.756081,3.9949,0.0211008,0.039949,27.6712,99.9831,100,--,
59,,E11 ,,16:30:13,2026-03-20,4554,59,View,--,1.50133e+06,1.73572e+07,5,5,0,100,9.96147,24.9942,56.752,20,25,0,E11,"949-WPR3, Z=9, Corner offsets=[120,45],[-30,-60],[100,100],[-90,45]",5,11,2026-Mar-20 15:12:34,891.855,0.0583411,2.75804e-09,1783.71,509.068,57.0796,0.570796,2.69326e+07,1.0853,92.2374,--,1.50919e-07,138.949,0.495637,610.186,671.031,1.0989,0.00215967,3,3,--,--,--,--,--,,Protein,Sphere,1.584,0,,0,Globular Proteins,0.185,Sphere,0,,50,25,1000,Water,1.333,0.887354,Aqueous,2,8.68072,17.3614,2.83361e-07,528.703,3.96511,0.3442,0.0396511,5.82361,0.00485437,1.09273e-06,--,
59,,E11 ,,16:30:13,2026-03-20,4554,59,View,--,1.50133e+06,1.73572e+07,5,5,0,100,9.96147,24.9942,56.752,20,25,0,E11,"949-WPR3, Z=9, Corner offsets=[120,45],[-30,-60],[100,100],[-90,45]",5,11,2026-Mar-20 15:12:34,891.855,0.0583411,2.75804e-09,1783.71,509.068,57.0796,0.570796,2.69326e+07,1.0853,92.2374,--,1.50919e-07,138.949,0.495637,610.186,671.031,1.0989,0.00215967,3,3,--,--,--,--,--,,Protein,Sphere,1.584,0,,0,Globular Proteins,0.185,Sphere,0,,50,25,1000,Water,1.333,0.887354,Aqueous,3,661.161,1322.32,3.72039e-09,1.33701e+07,3.98545,26.3502,0.0398545,66.5052,0.0120493,5.91566e-12,--,
60,,E12 ,,16:31:27,2026-03-20,4628,60,View,--,936463,3.96806e+06,5,5,0,100,9.96147,24.9973,76.4,100,25,0,E12,"949-WPR3, Z=9, Corner offsets=[120,45],[-30,-60],[100,100],[-90,45]",5,12,2026-Mar-20 15:12:34,305.879,0.113359,8.04232e-09,611.759,174.595,57.0796,0.570796,2.20226e+06,1.12185,991.585,--,6.30989e-05,405.169,0.751661,95.4841,666.312,6.97038,0.000496381,7,3,--,--,--,--,--,,Protein,Sphere,1.584,0,,0,Globular Proteins,0.185,Sphere,0,,50,25,1000,Water,1.333,0.88729,Aqueous,1,0.897036,1.79407,2.74234e-06,2.61074,21.5718,0.193507,0.215718,33.6692,99.9683,100,--,
60,,E12 ,,16:31:27,2026-03-20,4628,60,View,--,936463,3.96806e+06,5,5,0,100,9.96147,24.9973,76.4,100,25,0,E12,"949-WPR3, Z=9, Corner offsets=[120,45],[-30,-60],[100,100],[-90,45]",5,12,2026-Mar-20 15:12:34,305.879,0.113359,8.04232e-09,611.759,174.595,57.0796,0.570796,2.20226e+06,1.12185,991.585,--,6.30989e-05,405.169,0.751661,95.4841,666.312,6.97038,0.000496381,7,3,--,--,--,--,--,,Protein,Sphere,1.584,0,,0,Globular Proteins,0.185,Sphere,0,,50,25,1000,Water,1.333,0.88729,Aqueous,2,90.4807,180.961,2.71879e-08,127388,6.99293,6.32724,0.0699293,18.5048,0.00170198,6.75925e-10,--,
60,,E12 ,,16:31:27,2026-03-20,4628,60,View,--,936463,3.96806e+06,5,5,0,100,9.96147,24.9973,76.4,100,25,0,E12,"949-WPR3, Z=9, Corner offsets=[120,45],[-30,-60],[100,100],[-90,45]",5,12,2026-Mar-20 15:12:34,305.879,0.113359,8.04232e-09,611.759,174.595,57.0796,0.570796,2.20226e+06,1.12185,991.585,--,6.30989e-05,405.169,0.751661,95.4841,666.312,6.97038,0.000496381,7,3,--,--,--,--,--,,Protein,Sphere,1.584,0,,0,Globular Proteins,0.185,Sphere,0,,50,25,1000,Water,1.333,0.88729,Aqueous,3,645.897,1291.79,3.80863e-09,1.2659e+07,7.97067,51.4823,0.0797067,47.826,0.0299964,3.75672e-11,--,
61,,F1 ,,16:38:18,2026-03-20,5039,61,View,--,894904,3.58018e+06,5,5,0,100,9.96147,25.0088,16.6799,30,25,0,F1,"949-WPR3, Z=9, Corner offsets=[120,45],[-30,-60],[100,100],[-90,45]",6,1,2026-Mar-20 15:12:34,8.92659,0.056338,2.75662e-07,17.8532,5.09527,57.0796,0.570796,564.408,1.03545,300.071,--,0.00462903,13887.8,0.776391,81.6803,864.158,10.5703,0.000363565,5,3,--,--,--,--,--,,Protein,Sphere,1.584,0,,0,Globular Proteins,0.185,Sphere,0,,50,25,1000,Water,1.333,0.887056,Aqueous,1,0.881956,1.76391,2.79008e-06,2.5092,10.9783,0.0968241,0.109783,39.5983,99.9644,100,--,
61,,F1 ,,16:38:18,2026-03-20,5039,61,View,--,894904,3.58018e+06,5,5,0,100,9.96147,25.0088,16.6799,30,25,0,F1,"949-WPR3, Z=9, Corner offsets=[120,45],[-30,-60],[100,100],[-90,45]",6,1,2026-Mar-20 15:12:34,8.92659,0.056338,2.75662e-07,17.8532,5.09527,57.0796,0.570796,564.408,1.03545,300.071,--,0.00462903,13887.8,0.776391,81.6803,864.158,10.5703,0.000363565,5,3,--,--,--,--,--,,Protein,Sphere,1.584,0,,0,Globular Proteins,0.185,Sphere,0,,50,25,1000,Water,1.333,0.887056,Aqueous,2,82.5641,165.128,2.98038e-08,102822,3.97629,3.28299,0.0397629,15.315,0.000681105,6.83439e-10,--,
61,,F1 ,,16:38:18,2026-03-20,5039,61,View,--,894904,3.58018e+06,5,5,0,100,9.96147,25.0088,16.6799,30,25,0,F1,"949-WPR3, Z=9, Corner offsets=[120,45],[-30,-60],[100,100],[-90,45]",6,1,2026-Mar-20 15:12:34,8.92659,0.056338,2.75662e-07,17.8532,5.09527,57.0796,0.570796,564.408,1.03545,300.071,--,0.00462903,13887.8,0.776391,81.6803,864.158,10.5703,0.000363565,5,3,--,--,--,--,--,,Protein,Sphere,1.584,0,,0,Globular Proteins,0.185,Sphere,0,,50,25,1000,Water,1.333,0.887056,Aqueous,3,848.562,1697.12,2.89988e-09,2.39725e+07,7.12625,60.4707,0.0712625,45.0867,0.0349096,3.33551e-11,--,
62,,F2 ,,16:39:31,2026-03-20,5112,62,View,--,977280,5.25984e+06,5,5,0,100,9.96147,25.0079,25.6799,25,25,0,F2,"949-WPR3, Z=9, Corner offsets=[120,45],[-30,-60],[100,100],[-90,45]",6,2,2026-Mar-20 15:12:34,147.581,0.13919,1.66734e-08,295.161,84.2384,57.0796,0.570796,400196,1.13978,1250.4,--,0.000105162,839.998,1.02875,61.3423,541.298,8.80745,0.000696952,6,3,--,--,--,--,--,,Protein,Sphere,1.584,0,,0,Globular Proteins,0.185,Sphere,0,,50,25,1000,Water,1.333,0.887075,Aqueous,1,1.1854,2.37079,2.07582e-06,5.01193,19.1311,0.22678,0.191311,30.6806,99.947,100,--,
62,,F2 ,,16:39:31,2026-03-20,5112,62,View,--,977280,5.25984e+06,5,5,0,100,9.96147,25.0079,25.6799,25,25,0,F2,"949-WPR3, Z=9, Corner offsets=[120,45],[-30,-60],[100,100],[-90,45]",6,2,2026-Mar-20 15:12:34,147.581,0.13919,1.66734e-08,295.161,84.2384,57.0796,0.570796,400196,1.13978,1250.4,--,0.000105162,839.998,1.02875,61.3423,541.298,8.80745,0.000696952,6,3,--,--,--,--,--,,Protein,Sphere,1.584,0,,0,Globular Proteins,0.185,Sphere,0,,50,25,1000,Water,1.333,0.887075,Aqueous,2,63.4599,126.92,3.87751e-08,55547.8,8.86565,5.62614,0.0886565,36.0691,0.0026258,9.55846e-09,--,
62,,F2 ,,16:39:31,2026-03-20,5112,62,View,--,977280,5.25984e+06,5,5,0,100,9.96147,25.0079,25.6799,25,25,0,F2,"949-WPR3, Z=9, Corner offsets=[120,45],[-30,-60],[100,100],[-90,45]",6,2,2026-Mar-20 15:12:34,147.581,0.13919,1.66734e-08,295.161,84.2384,57.0796,0.570796,400196,1.13978,1250.4,--,0.000105162,839.998,1.02875,61.3423,541.298,8.80745,0.000696952,6,3,--,--,--,--,--,,Protein,Sphere,1.584,0,,0,Globular Proteins,0.185,Sphere,0,,50,25,1000,Water,1.333,0.887075,Aqueous,3,533.344,1066.69,4.61366e-09,8.0878e+06,10.1724,54.2538,0.101724,33.2504,0.0503815,3.06691e-10,--,
63,,F3 ,,16:40:40,2026-03-20,5181,63,View,--,722204,4.01403e+06,5,5,0,100,9.96147,25.0009,76.3263,76,25,0,F3,"949-WPR3, Z=9, Corner offsets=[120,45],[-30,-60],[100,100],[-90,45]",6,3,2026-Mar-20 15:12:34,1.03917,0.204268,2.36747e-06,2.07834,0.593155,57.0796,0.570796,3.68318,1.12429,453.403,--,0.00227871,119273,1.06336,1.18252,345.023,290.87,0.00159609,3,2,--,--,--,--,--,,Protein,Sphere,1.584,0,,0,Globular Proteins,0.185,Sphere,0,,50,25,1000,Water,1.333,0.887217,Aqueous,1,1.17159,2.34318,2.09989e-06,4.87639,4.81226,0.0563799,0.0481226,64.3487,99.9718,100,--,
63,,F3 ,,16:40:40,2026-03-20,5181,63,View,--,722204,4.01403e+06,5,5,0,100,9.96147,25.0009,76.3263,76,25,0,F3,"949-WPR3, Z=9, Corner offsets=[120,45],[-30,-60],[100,100],[-90,45]",6,3,2026-Mar-20 15:12:34,1.03917,0.204268,2.36747e-06,2.07834,0.593155,57.0796,0.570796,3.68318,1.12429,453.403,--,0.00227871,119273,1.06336,1.18252,345.023,290.87,0.00159609,3,2,--,--,--,--,--,,Protein,Sphere,1.584,0,,0,Globular Proteins,0.185,Sphere,0,,50,25,1000,Water,1.333,0.887217,Aqueous,2,346.881,693.763,7.09237e-09,2.95593e+06,4.00346,13.8872,0.0400346,35.6513,0.0281698,1.01161e-09,--,
64,,F4 ,,16:42:37,2026-03-20,5298,64,View,--,738748,2.18892e+07,5,5,0,100,9.96147,24.9995,85.3263,23,25,0,F4,"949-WPR3, Z=9, Corner offsets=[120,45],[-30,-60],[100,100],[-90,45]",6,4,2026-Mar-20 15:12:34,225.624,0.027802,1.09036e-08,451.248,128.785,57.0796,0.570796,1.08051e+06,1.01369,23.0081,--,7.45013e-06,549.321,0.661647,365.863,469.909,1.28258,0.000468401,4,3,--,--,--,--,--,,Protein,Sphere,1.584,0,,0,Globular Proteins,0.185,Sphere,0,,50,25,1000,Water,1.333,0.887247,Aqueous,1,0.699431,1.39886,3.51731e-06,1.45852,7.99887,0.0559466,0.0799887,22.911,99.9734,100,--,
64,,F4 ,,16:42:37,2026-03-20,5298,64,View,--,738748,2.18892e+07,5,5,0,100,9.96147,24.9995,85.3263,23,25,0,F4,"949-WPR3, Z=9, Corner offsets=[120,45],[-30,-60],[100,100],[-90,45]",6,4,2026-Mar-20 15:12:34,225.624,0.027802,1.09036e-08,451.248,128.785,57.0796,0.570796,1.08051e+06,1.01369,23.0081,--,7.45013e-06,549.321,0.661647,365.863,469.909,1.28258,0.000468401,4,3,--,--,--,--,--,,Protein,Sphere,1.584,0,,0,Globular Proteins,0.185,Sphere,0,,50,25,1000,Water,1.333,0.887247,Aqueous,2,60.9033,121.807,4.03939e-08,50452.3,6.97488,4.24793,0.0697488,24.3011,0.000586881,8.33495e-10,--,
64,,F4 ,,16:42:37,2026-03-20,5298,64,View,--,738748,2.18892e+07,5,5,0,100,9.96147,24.9995,85.3263,23,25,0,F4,"949-WPR3, Z=9, Corner offsets=[120,45],[-30,-60],[100,100],[-90,45]",6,4,2026-Mar-20 15:12:34,225.624,0.027802,1.09036e-08,451.248,128.785,57.0796,0.570796,1.08051e+06,1.01369,23.0081,--,7.45013e-06,549.321,0.661647,365.863,469.909,1.28258,0.000468401,4,3,--,--,--,--,--,,Protein,Sphere,1.584,0,,0,Globular Proteins,0.185,Sphere,0,,50,25,1000,Water,1.333,0.887247,Aqueous,3,446.982,893.964,5.50385e-09,5.34967e+06,9.57265,42.788,0.0957265,52.788,0.0259856,9.51035e-11,--,
65,,F5 ,,16:44:03,2026-03-20,5384,65,View,--,1.21611e+06,6.06724e+06,5,5,0,100,9.96147,24.996,71.3659,70,25,0,F5,"949-WPR3, Z=9, Corner offsets=[120,45],[-30,-60],[100,100],[-90,45]",6,5,2026-Mar-20 15:12:34,2.11442,0.0855563,1.16339e-06,4.22885,1.20691,57.0796,0.570796,19.4117,1.04025,339.456,--,0.00720753,58611,0.518043,1.08291,485.36,447.723,0.000227959,4,3,--,--,--,--,--,,Protein,Sphere,1.584,0,,0,Globular Proteins,0.185,Sphere,0,,50,25,1000,Water,1.333,0.887318,Aqueous,1,0.775168,1.55034,3.17337e-06,1.85519,33.4168,0.259037,0.334168,54.7047,99.9981,100,--,
65,,F5 ,,16:44:03,2026-03-20,5384,65,View,--,1.21611e+06,6.06724e+06,5,5,0,100,9.96147,24.996,71.3659,70,25,0,F5,"949-WPR3, Z=9, Corner offsets=[120,45],[-30,-60],[100,100],[-90,45]",6,5,2026-Mar-20 15:12:34,2.11442,0.0855563,1.16339e-06,4.22885,1.20691,57.0796,0.570796,19.4117,1.04025,339.456,--,0.00720753,58611,0.518043,1.08291,485.36,447.723,0.000227959,4,3,--,--,--,--,--,,Protein,Sphere,1.584,0,,0,Globular Proteins,0.185,Sphere,0,,50,25,1000,Water,1.333,0.887318,Aqueous,2,60.1452,120.29,4.08992e-08,48995.2,13.9947,8.41711,0.139947,17.905,6.15563e-05,3.13187e-12,--,
65,,F5 ,,16:44:03,2026-03-20,5384,65,View,--,1.21611e+06,6.06724e+06,5,5,0,100,9.96147,24.996,71.3659,70,25,0,F5,"949-WPR3, Z=9, Corner offsets=[120,45],[-30,-60],[100,100],[-90,45]",6,5,2026-Mar-20 15:12:34,2.11442,0.0855563,1.16339e-06,4.22885,1.20691,57.0796,0.570796,19.4117,1.04025,339.456,--,0.00720753,58611,0.518043,1.08291,485.36,447.723,0.000227959,4,3,--,--,--,--,--,,Protein,Sphere,1.584,0,,0,Globular Proteins,0.185,Sphere,0,,50,25,1000,Water,1.333,0.887318,Aqueous,3,474.403,948.805,5.18524e-09,6.14933e+06,19.3933,92.0024,0.193933,27.3902,0.00180163,1.92974e-13,--,
66,,F6 ,,16:45:23,2026-03-20,5464,66,View,--,972780,9.68056e+06,5,5,0,100,9.96147,24.9981,81.04,53,25,0,F6,"949-WPR3, Z=9, Corner offsets=[120,45],[-30,-60],[100,100],[-90,45]",6,6,2026-Mar-20 15:12:34,262.156,0.0835604,9.38385e-09,524.312,149.638,57.0796,0.570796,1.53506e+06,1.02835,364.792,--,5.67693e-07,472.755,0.556357,396.607,686.661,1.72994,0.00330599,5,3,--,--,--,--,--,,Protein,Sphere,1.584,0,,0,Globular Proteins,0.185,Sphere,0,,50,25,1000,Water,1.333,0.887274,Aqueous,1,0.74481,1.48962,3.3029e-06,1.68963,42.9066,0.319572,0.429066,28.1438,99.9899,100,--,
66,,F6 ,,16:45:23,2026-03-20,5464,66,View,--,972780,9.68056e+06,5,5,0,100,9.96147,24.9981,81.04,53,25,0,F6,"949-WPR3, Z=9, Corner offsets=[120,45],[-30,-60],[100,100],[-90,45]",6,6,2026-Mar-20 15:12:34,262.156,0.0835604,9.38385e-09,524.312,149.638,57.0796,0.570796,1.53506e+06,1.02835,364.792,--,5.67693e-07,472.755,0.556357,396.607,686.661,1.72994,0.00330599,5,3,--,--,--,--,--,,Protein,Sphere,1.584,0,,0,Globular Proteins,0.185,Sphere,0,,50,25,1000,Water,1.333,0.887274,Aqueous,2,20.2151,40.4302,1.21693e-07,3821.19,12.1083,2.44771,0.121083,1.87397,0.000111408,3.79776e-10,--,
66,,F6 ,,16:45:23,2026-03-20,5464,66,View,--,972780,9.68056e+06,5,5,0,100,9.96147,24.9981,81.04,53,25,0,F6,"949-WPR3, Z=9, Corner offsets=[120,45],[-30,-60],[100,100],[-90,45]",6,6,2026-Mar-20 15:12:34,262.156,0.0835604,9.38385e-09,524.312,149.638,57.0796,0.570796,1.53506e+06,1.02835,364.792,--,5.67693e-07,472.755,0.556357,396.607,686.661,1.72994,0.00330599,5,3,--,--,--,--,--,,Protein,Sphere,1.584,0,,0,Globular Proteins,0.185,Sphere,0,,50,25,1000,Water,1.333,0.887274,Aqueous,3,526.588,1053.18,4.67165e-09,7.85012e+06,30.8387,162.393,0.308387,69.9822,0.0100116,2.29868e-12,--,
68,,F8 ,,16:49:05,2026-03-20,5686,68,View,--,1.54312e+06,3.85779e+09,5,5,0,100,9.96147,24.9953,99.6,10,25,0,F8,"949-WPR3, Z=9, Corner offsets=[120,45],[-30,-60],[100,100],[-90,45]",6,8,2026-Mar-20 15:12:34,171,0.500561,1.43851e-08,342,39.2928,22.9782,0.229782,564864,1.001,8.16657,--,556.411,299.086,120.672,167.018,230.62,0.6583,0.00113138,4,2,--,--,--,--,--,,Protein,Sphere,1.584,0,,0,Globular Proteins,0.185,Sphere,0,,50,25,1000,Water,1.333,0.887331,Aqueous,1,11.3544,22.7088,2.16643e-07,990.955,6.5122,0.739423,0.065122,1.57273,4.05485,99.2143,--,
68,,F8 ,,16:49:05,2026-03-20,5686,68,View,--,1.54312e+06,3.85779e+09,5,5,0,100,9.96147,24.9953,99.6,10,25,0,F8,"949-WPR3, Z=9, Corner offsets=[120,45],[-30,-60],[100,100],[-90,45]",6,8,2026-Mar-20 15:12:34,171,0.500561,1.43851e-08,342,39.2928,22.9782,0.229782,564864,1.001,8.16657,--,556.411,299.086,120.672,167.018,230.62,0.6583,0.00113138,4,2,--,--,--,--,--,,Protein,Sphere,1.584,0,,0,Globular Proteins,0.185,Sphere,0,,50,25,1000,Water,1.333,0.887331,Aqueous,2,179.69,359.38,1.36894e-08,634327,23.3537,41.9643,0.233537,98.4273,95.9451,0.785746,--,
69,,F9 ,,16:50:10,2026-03-20,5751,69,View,--,1.59562e+06,1.99452e+09,5,5,0,100,9.96147,24.997,99.6,20,25,0,F9,"949-WPR3, Z=9, Corner offsets=[120,45],[-30,-60],[100,100],[-90,45]",6,9,2026-Mar-20 15:12:34,0.396091,0.000287891,6.2106e-06,0.792181,0.226087,57.0796,0.570796,0.385566,1.00329,0.836971,--,0.113036,312888,95.1238,107.498,117.859,0.21149,0.000115529,3,2,--,--,--,--,--,,Protein,Sphere,1.584,0,,0,Globular Proteins,0.185,Sphere,0,,50,25,1000,Water,1.333,0.887297,Aqueous,1,2.41082,4.82165,1.02038e-06,26.3857,3.96239,0.0955262,0.0396239,5.69984,87.2175,99.9999,--,
69,,F9 ,,16:50:10,2026-03-20,5751,69,View,--,1.59562e+06,1.99452e+09,5,5,0,100,9.96147,24.997,99.6,20,25,0,F9,"949-WPR3, Z=9, Corner offsets=[120,45],[-30,-60],[100,100],[-90,45]",6,9,2026-Mar-20 15:12:34,0.396091,0.000287891,6.2106e-06,0.792181,0.226087,57.0796,0.570796,0.385566,1.00329,0.836971,--,0.113036,312888,95.1238,107.498,117.859,0.21149,0.000115529,3,2,--,--,--,--,--,,Protein,Sphere,1.584,0,,0,Globular Proteins,0.185,Sphere,0,,50,25,1000,Water,1.333,0.887297,Aqueous,2,112.886,225.772,2.17916e-08,213769,6.93029,7.82332,0.0693029,94.3002,12.7825,0.00014514,--,
70,,F10 ,,16:51:16,2026-03-20,5817,70,View,--,980843,4.12121e+09,5,5,0,100,9.96147,24.9952,99.86,17,25,0,F10,"949-WPR3, Z=9, Corner offsets=[120,45],[-30,-60],[100,100],[-90,45]",6,10,2026-Mar-20 15:12:34,0.36129,0.000679967,6.8085e-06,0.72258,0.206223,57.0796,0.570796,0.310921,1.00422,0.22896,--,0.000600595,343010,39.3656,42.6355,45.4365,0.142392,0.000172562,2,1,--,--,--,--,--,,Protein,Sphere,1.584,0,,0,Globular Proteins,0.185,Sphere,0,,50,25,1000,Water,1.333,0.887334,Aqueous,1,44.3297,88.6595,5.54897e-08,23994.7,5.07453,2.24953,0.0507453,100,100,100,--,
71,,F11 ,,16:52:37,2026-03-20,5898,71,View,--,1.57999e+06,1.20341e+07,5,5,0,100,9.96147,24.9892,40.3216,22,25,0,F11,"949-WPR3, Z=9, Corner offsets=[120,45],[-30,-60],[100,100],[-90,45]",6,11,2026-Mar-20 15:12:34,45.8428,0.100985,5.36497e-08,91.6857,26.1669,57.0796,0.570796,25955,1.08367,684.229,--,7.53366e-05,2702.85,0.49013,132.956,1184.5,8.9053,0.000265265,7,5,--,--,--,--,--,,Protein,Sphere,1.584,0,,0,Globular Proteins,0.185,Sphere,0,,50,25,1000,Water,1.333,0.887456,Aqueous,1,0.55091,1.10182,4.46434e-06,0.834372,19.108,0.105268,0.19108,26.2333,99.7343,99.9971,--,
71,,F11 ,,16:52:37,2026-03-20,5898,71,View,--,1.57999e+06,1.20341e+07,5,5,0,100,9.96147,24.9892,40.3216,22,25,0,F11,"949-WPR3, Z=9, Corner offsets=[120,45],[-30,-60],[100,100],[-90,45]",6,11,2026-Mar-20 15:12:34,45.8428,0.100985,5.36497e-08,91.6857,26.1669,57.0796,0.570796,25955,1.08367,684.229,--,7.53366e-05,2702.85,0.49013,132.956,1184.5,8.9053,0.000265265,7,5,--,--,--,--,--,,Protein,Sphere,1.584,0,,0,Globular Proteins,0.185,Sphere,0,,50,25,1000,Water,1.333,0.887456,Aqueous,2,2.11505,4.2301,1.16283e-06,19.4251,7.33852,0.155213,0.0733852,4.65585,0.258126,0.00286556,--,
71,,F11 ,,16:52:37,2026-03-20,5898,71,View,--,1.57999e+06,1.20341e+07,5,5,0,100,9.96147,24.9892,40.3216,22,25,0,F11,"949-WPR3, Z=9, Corner offsets=[120,45],[-30,-60],[100,100],[-90,45]",6,11,2026-Mar-20 15:12:34,45.8428,0.100985,5.36497e-08,91.6857,26.1669,57.0796,0.570796,25955,1.08367,684.229,--,7.53366e-05,2702.85,0.49013,132.956,1184.5,8.9053,0.000265265,7,5,--,--,--,--,--,,Protein,Sphere,1.584,0,,0,Globular Proteins,0.185,Sphere,0,,50,25,1000,Water,1.333,0.887456,Aqueous,3,26.0267,52.0535,9.44971e-08,6902.05,5.84269,1.52066,0.0584269,13.7893,0.000503242,2.89244e-09,--,
71,,F11 ,,16:52:37,2026-03-20,5898,71,View,--,1.57999e+06,1.20341e+07,5,5,0,100,9.96147,24.9892,40.3216,22,25,0,F11,"949-WPR3, Z=9, Corner offsets=[120,45],[-30,-60],[100,100],[-90,45]",6,11,2026-Mar-20 15:12:34,45.8428,0.100985,5.36497e-08,91.6857,26.1669,57.0796,0.570796,25955,1.08367,684.229,--,7.53366e-05,2702.85,0.49013,132.956,1184.5,8.9053,0.000265265,7,5,--,--,--,--,--,,Protein,Sphere,1.584,0,,0,Globular Proteins,0.185,Sphere,0,,50,25,1000,Water,1.333,0.887456,Aqueous,4,152.087,304.174,1.61713e-08,429377,7.52989,11.452,0.0752989,37.7498,0.0010694,2.98168e-11,--,
71,,F11 ,,16:52:37,2026-03-20,5898,71,View,--,1.57999e+06,1.20341e+07,5,5,0,100,9.96147,24.9892,40.3216,22,25,0,F11,"949-WPR3, Z=9, Corner offsets=[120,45],[-30,-60],[100,100],[-90,45]",6,11,2026-Mar-20 15:12:34,45.8428,0.100985,5.36497e-08,91.6857,26.1669,57.0796,0.570796,25955,1.08367,684.229,--,7.53366e-05,2702.85,0.49013,132.956,1184.5,8.9053,0.000265265,7,5,--,--,--,--,--,,Protein,Sphere,1.584,0,,0,Globular Proteins,0.185,Sphere,0,,50,25,1000,Water,1.333,0.887456,Aqueous,5,1253.4,2506.81,1.96222e-09,5.97162e+07,6.7967,85.1901,0.067967,17.5718,0.00601195,2.9749e-13,--,
72,,F12 ,,16:54:10,2026-03-20,5991,72,View,--,850834,5.30758e+06,5,5,0,100,9.96147,24.9934,67.9389,50,25,0,F12,"949-WPR3, Z=9, Corner offsets=[120,45],[-30,-60],[100,100],[-90,45]",6,12,2026-Mar-20 15:12:34,164.09,0.164763,1.49901e-08,328.18,93.6619,57.0796,0.570796,512894,1.18538,1160.43,--,3.71196e-05,755.196,0.501719,86.0043,567.518,6.59289,0.000828425,7,5,--,--,--,--,--,,Protein,Sphere,1.584,0,,0,Globular Proteins,0.185,Sphere,0,,50,25,1000,Water,1.333,0.887371,Aqueous,1,0.562541,1.12508,4.37252e-06,0.876173,20.7447,0.116698,0.207447,25.2789,99.8548,99.9992,--,
72,,F12 ,,16:54:10,2026-03-20,5991,72,View,--,850834,5.30758e+06,5,5,0,100,9.96147,24.9934,67.9389,50,25,0,F12,"949-WPR3, Z=9, Corner offsets=[120,45],[-30,-60],[100,100],[-90,45]",6,12,2026-Mar-20 15:12:34,164.09,0.164763,1.49901e-08,328.18,93.6619,57.0796,0.570796,512894,1.18538,1160.43,--,3.71196e-05,755.196,0.501719,86.0043,567.518,6.59289,0.000828425,7,5,--,--,--,--,--,,Protein,Sphere,1.584,0,,0,Globular Proteins,0.185,Sphere,0,,50,25,1000,Water,1.333,0.887371,Aqueous,2,2.55548,5.11096,9.6253e-07,30.24,8.57652,0.219171,0.0857652,4.06772,0.136721,0.000837219,--,
72,,F12 ,,16:54:10,2026-03-20,5991,72,View,--,850834,5.30758e+06,5,5,0,100,9.96147,24.9934,67.9389,50,25,0,F12,"949-WPR3, Z=9, Corner offsets=[120,45],[-30,-60],[100,100],[-90,45]",6,12,2026-Mar-20 15:12:34,164.09,0.164763,1.49901e-08,328.18,93.6619,57.0796,0.570796,512894,1.18538,1160.43,--,3.71196e-05,755.196,0.501719,86.0043,567.518,6.59289,0.000828425,7,5,--,--,--,--,--,,Protein,Sphere,1.584,0,,0,Globular Proteins,0.185,Sphere,0,,50,25,1000,Water,1.333,0.887371,Aqueous,3,16.7213,33.4427,1.47101e-07,2451.25,5.82983,0.974826,0.0582983,4.28361,0.000547322,1.12489e-08,--,
72,,F12 ,,16:54:10,2026-03-20,5991,72,View,--,850834,5.30758e+06,5,5,0,100,9.96147,24.9934,67.9389,50,25,0,F12,"949-WPR3, Z=9, Corner offsets=[120,45],[-30,-60],[100,100],[-90,45]",6,12,2026-Mar-20 15:12:34,164.09,0.164763,1.49901e-08,328.18,93.6619,57.0796,0.570796,512894,1.18538,1160.43,--,3.71196e-05,755.196,0.501719,86.0043,567.518,6.59289,0.000828425,7,5,--,--,--,--,--,,Protein,Sphere,1.584,0,,0,Globular Proteins,0.185,Sphere,0,,50,25,1000,Water,1.333,0.887371,Aqueous,4,90.2633,180.527,2.72505e-08,126673,7.34288,6.62793,0.0734288,35.3002,0.00111658,1.25768e-10,--,
72,,F12 ,,16:54:10,2026-03-20,5991,72,View,--,850834,5.30758e+06,5,5,0,100,9.96147,24.9934,67.9389,50,25,0,F12,"949-WPR3, Z=9, Corner offsets=[120,45],[-30,-60],[100,100],[-90,45]",6,12,2026-Mar-20 15:12:34,164.09,0.164763,1.49901e-08,328.18,93.6619,57.0796,0.570796,512894,1.18538,1160.43,--,3.71196e-05,755.196,0.501719,86.0043,567.518,6.59289,0.000828425,7,5,--,--,--,--,--,,Protein,Sphere,1.584,0,,0,Globular Proteins,0.185,Sphere,0,,50,25,1000,Water,1.333,0.887371,Aqueous,5,574.794,1149.59,4.27932e-09,9.63573e+06,5.19691,29.8715,0.0519691,31.0696,0.00685573,3.25171e-12,--,
73,,G1 ,,16:55:48,2026-03-20,6089,73,View,--,1.27192e+06,2.75772e+07,5,5,0,100,9.96147,25.0039,76.9389,20,25,0,G1,"949-WPR3, Z=9, Corner offsets=[120,45],[-30,-60],[100,100],[-90,45]",7,1,2026-Mar-20 15:12:34,3.16124,0.286929,7.78305e-07,6.32247,0.206347,6.52742,0.0652742,49.7444,0.999979,0.127582,--,31284.1,7996.07,2.42125,3.19139,4.16162,0.545333,0.000173308,2,1,--,--,--,--,--,,Protein,Sphere,1.584,0,,0,Globular Proteins,0.185,Sphere,0,,50,25,1000,Water,1.333,0.887156,Aqueous,1,3.37783,6.75567,7.28398e-07,58.088,19.8776,0.671431,0.198776,100,100,100,--,
74,,G2 ,,16:56:56,2026-03-20,6157,74,View,--,1.47347e+06,3.9912e+07,5,5,0,100,9.96147,25.0101,63.082,10,25,0,G2,"949-WPR3, Z=9, Corner offsets=[120,45],[-30,-60],[100,100],[-90,45]",7,2,2026-Mar-20 15:12:34,3.25849,0.1806,7.55199e-07,6.51699,0.651885,20.0057,0.200057,53.3993,1.00157,1.79202,--,29677.4,14317.3,2.59576,2.84579,3.20687,0.214743,0.000252235,3,2,--,--,--,--,--,,Protein,Sphere,1.584,0,,0,Globular Proteins,0.185,Sphere,0,,50,25,1000,Water,1.333,0.887029,Aqueous,1,2.94025,5.8805,8.36939e-07,41.986,5.86073,0.17232,0.0586073,90.4418,99.8433,100,--,
74,,G2 ,,16:56:56,2026-03-20,6157,74,View,--,1.47347e+06,3.9912e+07,5,5,0,100,9.96147,25.0101,63.082,10,25,0,G2,"949-WPR3, Z=9, Corner offsets=[120,45],[-30,-60],[100,100],[-90,45]",7,2,2026-Mar-20 15:12:34,3.25849,0.1806,7.55199e-07,6.51699,0.651885,20.0057,0.200057,53.3993,1.00157,1.79202,--,29677.4,14317.3,2.59576,2.84579,3.20687,0.214743,0.000252235,3,2,--,--,--,--,--,,Protein,Sphere,1.584,0,,0,Globular Proteins,0.185,Sphere,0,,50,25,1000,Water,1.333,0.887029,Aqueous,2,1005.18,2010.36,2.44813e-09,3.5631e+07,9.02526,90.7201,0.0902526,9.55818,0.156728,3.81122e-09,--,
75,,G3 ,,16:58:03,2026-03-20,6224,75,View,--,1.15905e+06,4.83423e+06,5,5,0,100,9.96147,25.0095,33.4,36,25,0,G3,"949-WPR3, Z=9, Corner offsets=[120,45],[-30,-60],[100,100],[-90,45]",7,3,2026-Mar-20 15:12:34,2.60042,0.222599,9.46298e-07,5.20083,1.48431,57.0796,0.570796,31.4989,1.04508,356.514,--,0.000186273,47674.2,1.36809,2.30442,1846.42,800.658,0.000366484,5,3,--,--,--,--,--,,Protein,Sphere,1.584,0,,0,Globular Proteins,0.185,Sphere,0,,50,25,1000,Water,1.333,0.887042,Aqueous,1,2.06794,4.13588,1.18996e-06,18.4278,29.472,0.609463,0.29472,69.0385,99.5532,99.9963,--,
75,,G3 ,,16:58:03,2026-03-20,6224,75,View,--,1.15905e+06,4.83423e+06,5,5,0,100,9.96147,25.0095,33.4,36,25,0,G3,"949-WPR3, Z=9, Corner offsets=[120,45],[-30,-60],[100,100],[-90,45]",7,3,2026-Mar-20 15:12:34,2.60042,0.222599,9.46298e-07,5.20083,1.48431,57.0796,0.570796,31.4989,1.04508,356.514,--,0.000186273,47674.2,1.36809,2.30442,1846.42,800.658,0.000366484,5,3,--,--,--,--,--,,Protein,Sphere,1.584,0,,0,Globular Proteins,0.185,Sphere,0,,50,25,1000,Water,1.333,0.887042,Aqueous,2,6.46647,12.9329,3.80543e-07,265.447,11.651,0.753405,0.11651,8.17238,0.260471,0.00365801,--,
75,,G3 ,,16:58:03,2026-03-20,6224,75,View,--,1.15905e+06,4.83423e+06,5,5,0,100,9.96147,25.0095,33.4,36,25,0,G3,"949-WPR3, Z=9, Corner offsets=[120,45],[-30,-60],[100,100],[-90,45]",7,3,2026-Mar-20 15:12:34,2.60042,0.222599,9.46298e-07,5.20083,1.48431,57.0796,0.570796,31.4989,1.04508,356.514,--,0.000186273,47674.2,1.36809,2.30442,1846.42,800.658,0.000366484,5,3,--,--,--,--,--,,Protein,Sphere,1.584,0,,0,Globular Proteins,0.185,Sphere,0,,50,25,1000,Water,1.333,0.887042,Aqueous,3,1901.96,3803.92,1.29381e-09,1.58436e+08,9.08476,172.789,0.0908476,22.7891,0.186379,8.60794e-11,--,
76,,G4 ,,16:59:34,2026-03-20,6315,76,View,--,1.84969e+06,3.08282e+08,5,5,0,100,9.96147,25.0055,94,10,25,0,G4,"949-WPR3, Z=9, Corner offsets=[120,45],[-30,-60],[100,100],[-90,45]",7,4,2026-Mar-20 15:12:34,69.2396,0.320422,3.55362e-08,138.479,20.3254,29.3552,0.293552,68114.7,0.999848,5.04223,--,1298.54,885.757,43.8673,71.2627,124.229,1.12768,0.00049679,4,3,--,--,--,--,--,,Protein,Sphere,1.584,0,,0,Globular Proteins,0.185,Sphere,0,,50,25,1000,Water,1.333,0.887123,Aqueous,1,2.80793,5.61585,8.76274e-07,37.6974,9.10344,0.255618,0.0910344,1.32391,80.3775,99.9995,--,
76,,G4 ,,16:59:34,2026-03-20,6315,76,View,--,1.84969e+06,3.08282e+08,5,5,0,100,9.96147,25.0055,94,10,25,0,G4,"949-WPR3, Z=9, Corner offsets=[120,45],[-30,-60],[100,100],[-90,45]",7,4,2026-Mar-20 15:12:34,69.2396,0.320422,3.55362e-08,138.479,20.3254,29.3552,0.293552,68114.7,0.999848,5.04223,--,1298.54,885.757,43.8673,71.2627,124.229,1.12768,0.00049679,4,3,--,--,--,--,--,,Protein,Sphere,1.584,0,,0,Globular Proteins,0.185,Sphere,0,,50,25,1000,Water,1.333,0.887123,Aqueous,2,79.3353,158.671,3.10141e-08,93659.1,36.7726,29.1736,0.367726,95.6243,13.9245,0.0004638,--,
76,,G4 ,,16:59:34,2026-03-20,6315,76,View,--,1.84969e+06,3.08282e+08,5,5,0,100,9.96147,25.0055,94,10,25,0,G4,"949-WPR3, Z=9, Corner offsets=[120,45],[-30,-60],[100,100],[-90,45]",7,4,2026-Mar-20 15:12:34,69.2396,0.320422,3.55362e-08,138.479,20.3254,29.3552,0.293552,68114.7,0.999848,5.04223,--,1298.54,885.757,43.8673,71.2627,124.229,1.12768,0.00049679,4,3,--,--,--,--,--,,Protein,Sphere,1.584,0,,0,Globular Proteins,0.185,Sphere,0,,50,25,1000,Water,1.333,0.887123,Aqueous,3,2561.08,5122.15,9.60733e-10,3.17838e+08,21.2807,545.014,0.212807,3.05183,5.69806,9.26145e-09,--,
77,,G5 ,,17:00:40,2026-03-20,6381,77,View,--,1.05026e+06,3.08175e+07,5,5,0,100,9.96147,24.9998,82.96,20,25,0,G5,"949-WPR3, Z=9, Corner offsets=[120,45],[-30,-60],[100,100],[-90,45]",7,5,2026-Mar-20 15:12:34,3.55556,0.0768659,6.91914e-07,7.11111,2.0295,57.0796,0.570796,65.4926,1.02098,118.79,--,0.0907676,34858.3,1.62914,1.92769,1583.8,820.762,0.00145102,3,2,--,--,--,--,--,,Protein,Sphere,1.584,0,,0,Globular Proteins,0.185,Sphere,0,,50,25,1000,Water,1.333,0.887241,Aqueous,1,1.85977,3.71954,1.32282e-06,14.3767,8.00226,0.148824,0.0800226,62.0175,99.6612,100,--,
77,,G5 ,,17:00:40,2026-03-20,6381,77,View,--,1.05026e+06,3.08175e+07,5,5,0,100,9.96147,24.9998,82.96,20,25,0,G5,"949-WPR3, Z=9, Corner offsets=[120,45],[-30,-60],[100,100],[-90,45]",7,5,2026-Mar-20 15:12:34,3.55556,0.0768659,6.91914e-07,7.11111,2.0295,57.0796,0.570796,65.4926,1.02098,118.79,--,0.0907676,34858.3,1.62914,1.92769,1583.8,820.762,0.00145102,3,2,--,--,--,--,--,,Protein,Sphere,1.584,0,,0,Globular Proteins,0.185,Sphere,0,,50,25,1000,Water,1.333,0.887241,Aqueous,2,1540.77,3081.54,1.5967e-09,9.67935e+07,9.96165,153.486,0.0996165,37.9825,0.338837,5.6217e-10,--,
78,,G6 ,,17:01:49,2026-03-20,6450,78,View,--,825953,3.30381e+07,5,5,0,100,9.96147,24.9981,95,50,25,0,G6,"949-WPR3, Z=9, Corner offsets=[120,45],[-30,-60],[100,100],[-90,45]",7,6,2026-Mar-20 15:12:34,4.02984,0.0937037,6.10454e-07,8.05967,2.30022,57.0796,0.570796,87.787,1.00796,71.1746,--,0.0420573,30754.4,1.65547,3.194,722.917,225.818,0.00112627,2,2,--,--,--,--,--,,Protein,Sphere,1.584,0,,0,Globular Proteins,0.185,Sphere,0,,50,25,1000,Water,1.333,0.887274,Aqueous,1,2.44336,4.88673,1.00682e-06,27.2266,29.2074,0.713643,0.292074,57.6216,99.7409,100,--,
78,,G6 ,,17:01:49,2026-03-20,6450,78,View,--,825953,3.30381e+07,5,5,0,100,9.96147,24.9981,95,50,25,0,G6,"949-WPR3, Z=9, Corner offsets=[120,45],[-30,-60],[100,100],[-90,45]",7,6,2026-Mar-20 15:12:34,4.02984,0.0937037,6.10454e-07,8.05967,2.30022,57.0796,0.570796,87.787,1.00796,71.1746,--,0.0420573,30754.4,1.65547,3.194,722.917,225.818,0.00112627,2,2,--,--,--,--,--,,Protein,Sphere,1.584,0,,0,Globular Proteins,0.185,Sphere,0,,50,25,1000,Water,1.333,0.887274,Aqueous,2,638.337,1276.67,3.85381e-09,1.2315e+07,23.73,151.478,0.2373,42.3784,0.259067,5.83277e-09,--,
